file,name,group_dir,bytes,duration_s,sample_rate_hz,channels,rms_dbfs,peak_dbfs,silence_ratio,clipping_ratio,zcr,spectral_centroid_hz,spectral_flatness,high_band_ratio_ge4k,beep_tonal_ratio_candidate,manifest_duration_s,duration_diff_ms,manifest_group,manifest_source_exists,manifest_aligned,chunk_base,chunk_index
C:\Users\SZ\Documents\his_voice\stt_finetuning_cleaned_v3\D03\D03_J13_S000001_merged__chunk_0001.wav,D03_J13_S000001_merged__chunk_0001.wav,D03,384088,24.00275,8000,1,-14.844601934772532,0.0,0.24982554082344732,0.0013279728364458238,0.1792356044390978,363.16252690336165,0.23272251246191944,6.010103152639562e-10,0.0014900047140326655,24.00275,0.0,D03,False,True,D03_J13_S000001_merged,1
C:\Users\SZ\Documents\his_voice\stt_finetuning_cleaned_v3\D03\D03_J13_S000001_merged__chunk_0002.wav,D03_J13_S000001_merged__chunk_0002.wav,D03,191380,11.9585,8000,1,-22.05081049032502,-2.3794322551522913,0.31937533971651966,0.0,0.09642823544168835,414.27570025442117,0.20921614566806376,0.0,0.012262399749249772,11.9585,0.0,D03,False,True,D03_J13_S000001_merged,2
C:\Users\SZ\Documents\his_voice\stt_finetuning_cleaned_v3\D03\D03_J13_S000002_merged__chunk_0001.wav,D03_J13_S000002_merged__chunk_0001.wav,D03,424414,26.523125,8000,1,-22.257769996782567,0.0,0.46744114805476356,3.770294789923887e-05,0.0886588998227953,442.58876764500127,0.1745543066691825,0.0,0.0016927985463005392,26.523125,0.0,D03,False,True,D03_J13_S000002_merged,1
C:\Users\SZ\Documents\his_voice\stt_finetuning_cleaned_v3\D03\D03_J13_S000002_merged__chunk_0002.wav,D03_J13_S000002_merged__chunk_0002.wav,D03,379132,23.693,8000,1,-23.17917841394362,0.0,0.4574135820706538,5.80340184864728e-05,0.08918820531488897,416.9138146482574,0.17746914023597013,0.0,0.0009827853103512045,23.693,0.0,D03,False,True,D03_J13_S000002_merged,2
C:\Users\SZ\Documents\his_voice\stt_finetuning_cleaned_v3\D03\D03_J13_S000002_merged__chunk_0003.wav,D03_J13_S000002_merged__chunk_0003.wav,D03,396292,24.7655,8000,1,-19.77894012504977,0.0,0.4056954230683814,0.0002675092366396802,0.09885778026781343,474.5207178118866,0.20194493757980336,5.793776250620976e-09,0.002931787267835177,24.7655,0.0,D03,False,True,D03_J13_S000002_merged,3
C:\Users\SZ\Documents\his_voice\stt_finetuning_cleaned_v3\D03\D03_J13_S000002_merged__chunk_0004.wav,D03_J13_S000002_merged__chunk_0004.wav,D03,443756,27.732,8000,1,-16.969806617804494,0.0,0.21791612577527766,0.003457197461416414,0.11008541615018819,483.5942743635009,0.3166572012799447,2.59970585224374e-11,0.000728935431744364,27.732,0.0,D03,False,True,D03_J13_S000002_merged,4
C:\Users\SZ\Documents\his_voice\stt_finetuning_cleaned_v3\D03\D03_J13_S000002_merged__chunk_0005.wav,D03_J13_S000002_merged__chunk_0005.wav,D03,435130,27.192875,8000,1,-22.031626067441582,0.0,0.34120610637896875,0.000455082443470946,0.11329306524717066,491.3995377220143,0.12061096525753508,0.0,0.0014477751061054789,27.192875,0.0,D03,False,True,D03_J13_S000002_merged,5
C:\Users\SZ\Documents\his_voice\stt_finetuning_cleaned_v3\D03\D03_J13_S000002_merged__chunk_0006.wav,D03_J13_S000002_merged__chunk_0006.wav,D03,447908,27.9915,8000,1,-15.769400816397026,0.0,0.35394226818855723,0.005041709090259543,0.10649709062166471,438.1759720788722,0.20870648716559934,0.0,0.0010514044426094941,27.9915,0.0,D03,False,True,D03_J13_S000002_merged,6
C:\Users\SZ\Documents\his_voice\stt_finetuning_cleaned_v3\D03\D03_J13_S000002_merged__chunk_0007.wav,D03_J13_S000002_merged__chunk_0007.wav,D03,430964,26.9325,8000,1,-14.515045249548608,0.0,0.34984219808781214,0.005379188712522046,0.11213734399584144,432.853399511156,0.22997590147923894,1.7158440533747437e-09,0.0018647065629031872,26.9325,0.0,D03,False,True,D03_J13_S000002_merged,7
C:\Users\SZ\Documents\his_voice\stt_finetuning_cleaned_v3\D03\D03_J13_S000002_merged__chunk_0008.wav,D03_J13_S000002_merged__chunk_0008.wav,D03,476220,29.761,8000,1,-22.58797223236138,0.0,0.309129397533685,0.00010920331978092134,0.10691889939391903,480.87551218628954,0.24656914589567472,5.185518639272966e-09,0.0009809305775589192,29.761,0.0,D03,False,True,D03_J13_S000002_merged,8
C:\Users\SZ\Documents\his_voice\stt_finetuning_cleaned_v3\D03\D03_J13_S000002_merged__chunk_0009.wav,D03_J13_S000002_merged__chunk_0009.wav,D03,408270,25.514125,8000,1,-23.295746474829354,-1.7583028174134885,0.4682210344270086,0.0,0.10391353766559536,437.3478797748609,0.20296962444268513,0.0,0.0017859675808595376,25.514125,0.0,D03,False,True,D03_J13_S000002_merged,9
C:\Users\SZ\Documents\his_voice\stt_finetuning_cleaned_v3\D03\D03_J13_S000002_merged__chunk_0010.wav,D03_J13_S000002_merged__chunk_0010.wav,D03,402972,25.183,8000,1,-20.025908910420394,0.0,0.39075467577333917,0.0004864392645832506,0.11420955708988748,459.5843658138615,0.22594407206873932,1.9546101027409467e-09,0.003951926589135134,25.183,0.0,D03,False,True,D03_J13_S000002_merged,10
C:\Users\SZ\Documents\his_voice\stt_finetuning_cleaned_v3\D03\D03_J13_S000002_merged__chunk_0011.wav,D03_J13_S000002_merged__chunk_0011.wav,D03,389334,24.330625,8000,1,-14.687430693760655,0.0,0.16459708700454673,0.0010018238331321123,0.15552495838556543,488.9527884200721,0.26158427649932764,0.0,0.0018699929055400585,24.330625,0.0,D03,False,True,D03_J13_S000002_merged,11
C:\Users\SZ\Documents\his_voice\stt_finetuning_cleaned_v3\D03\D03_J13_S000002_merged__chunk_0012.wav,D03_J13_S000002_merged__chunk_0012.wav,D03,39898,2.490875,8000,1,-15.843081546324564,0.0,0.2845385657650424,0.0017564108997842123,0.09535280537990565,454.75146658011965,0.3601661149009714,0.0,0.006381453855249521,2.490875,0.0,D03,False,True,D03_J13_S000002_merged,12
C:\Users\SZ\Documents\his_voice\stt_finetuning_cleaned_v3\D03\D03_J13_S000003_merged__chunk_0001.wav,D03_J13_S000003_merged__chunk_0001.wav,D03,373280,23.32725,8000,1,-23.158273396925853,-1.2505874112129602,0.41430087129858856,0.0,0.09007217991929996,485.4713146337455,0.2516507107580346,3.3384415271069336e-09,0.001022947845545433,23.32725,0.0,D03,False,True,D03_J13_S000003_merged,1
C:\Users\SZ\Documents\his_voice\stt_finetuning_cleaned_v3\D03\D03_J13_S000003_merged__chunk_0002.wav,D03_J13_S000003_merged__chunk_0002.wav,D03,335486,20.965125,8000,1,-19.744337496179853,0.0,0.26141031832626804,5.962282600270687e-06,0.11158478416408299,515.3427330368694,0.31431526519187974,0.0,0.00490625547519646,20.965125,0.0,D03,False,True,D03_J13_S000003_merged,2
C:\Users\SZ\Documents\his_voice\stt_finetuning_cleaned_v3\D03\D03_J13_S000003_merged__chunk_0003.wav,D03_J13_S000003_merged__chunk_0003.wav,D03,382300,23.891,8000,1,-16.36607014140145,0.0,0.27080281277468504,0.0007638859821690176,0.10687134732403061,467.3346318623,0.22496068483579115,0.0,0.001135216188701727,23.891,0.0,D03,False,True,D03_J13_S000003_merged,3
C:\Users\SZ\Documents\his_voice\stt_finetuning_cleaned_v3\D03\D03_J13_S000003_merged__chunk_0004.wav,D03_J13_S000003_merged__chunk_0004.wav,D03,356284,22.265,8000,1,-21.89551439038425,0.0,0.4200931955984729,9.54412755445767e-05,0.09794575536579478,552.9130926506805,0.18553335203714802,0.0,0.0015166860385686686,22.265,0.0,D03,False,True,D03_J13_S000003_merged,4
C:\Users\SZ\Documents\his_voice\stt_finetuning_cleaned_v3\D03\D03_J13_S000004_merged__chunk_0001.wav,D03_J13_S000004_merged__chunk_0001.wav,D03,338094,21.128125,8000,1,-19.752315910546216,0.0,0.4626830350539861,0.0001183256914657595,0.10327527451722832,502.48083386710374,0.32647892887997854,0.0,0.004793926372032799,21.128125,0.0,D03,False,True,D03_J13_S000004_merged,1
C:\Users\SZ\Documents\his_voice\stt_finetuning_cleaned_v3\D03\D03_J13_S000004_merged__chunk_0002.wav,D03_J13_S000004_merged__chunk_0002.wav,D03,445548,27.844,8000,1,-16.76929888012555,0.0,0.368342371785663,0.0026531748312024137,0.07263715987807014,432.15034862668216,0.2686008639976065,0.0,0.0008997391589945641,27.844,0.0,D03,False,True,D03_J13_S000004_merged,2
C:\Users\SZ\Documents\his_voice\stt_finetuning_cleaned_v3\D03\D03_J13_S000004_merged__chunk_0003.wav,D03_J13_S000004_merged__chunk_0003.wav,D03,417900,26.116,8000,1,-21.885494260567732,0.0,0.35951141062949915,4.786337877163425e-05,0.07747203568710602,369.37988085727636,0.12066144424544757,1.848040019182152e-12,0.0014815762109460968,26.116,0.0,D03,False,True,D03_J13_S000004_merged,3
C:\Users\SZ\Documents\his_voice\stt_finetuning_cleaned_v3\D03\D03_J13_S000004_merged__chunk_0004.wav,D03_J13_S000004_merged__chunk_0004.wav,D03,366588,22.909,8000,1,-15.456270944736188,0.0,0.3166659391505522,0.0028864201842070804,0.0615645683168641,358.9662814484558,0.2885121382577389,8.989597557820762e-10,0.0009342187275399344,22.909,0.0,D03,False,True,D03_J13_S000004_merged,4
C:\Users\SZ\Documents\his_voice\stt_finetuning_cleaned_v3\D03\D03_J13_S000004_merged__chunk_0005.wav,D03_J13_S000004_merged__chunk_0005.wav,D03,409056,25.56325,8000,1,-14.542593232841556,0.0,0.343657398804925,0.003950984323198342,0.08196865602308012,461.9995142996357,0.3379059705192989,2.5984228209705e-08,0.0005522891624982724,25.56325,0.0,D03,False,True,D03_J13_S000004_merged,5
C:\Users\SZ\Documents\his_voice\stt_finetuning_cleaned_v3\D03\D03_J13_S000004_merged__chunk_0006.wav,D03_J13_S000004_merged__chunk_0006.wav,D03,50454,3.150625,8000,1,-22.55819390536622,-2.3411698946048585,0.5396945050585201,0.0,0.052729725440406286,458.4749835917663,0.23828812789194292,0.0,0.005847037239922929,3.150625,0.0,D03,False,True,D03_J13_S000004_merged,6
C:\Users\SZ\Documents\his_voice\stt_finetuning_cleaned_v3\D03\D03_J13_S000005_merged__chunk_0001.wav,D03_J13_S000005_merged__chunk_0001.wav,D03,410458,25.650875,8000,1,-16.385601725137665,0.0,0.3347156773404416,0.0012329014117452135,0.10387610498718361,487.88270916228106,0.2671808616508057,0.0,0.0012422691114634158,25.650875,0.0,D03,False,True,D03_J13_S000005_merged,1
C:\Users\SZ\Documents\his_voice\stt_finetuning_cleaned_v3\D03\D03_J13_S000005_merged__chunk_0002.wav,D03_J13_S000005_merged__chunk_0002.wav,D03,351564,21.97,8000,1,-21.880747685330157,-2.3488088945790455,0.3984126081019572,0.0,0.13225496276150867,493.67897809211087,0.1284072514148265,5.821976530837479e-12,0.0011178801411145774,21.97,0.0,D03,False,True,D03_J13_S000005_merged,2
C:\Users\SZ\Documents\his_voice\stt_finetuning_cleaned_v3\D03\D03_J13_S000005_merged__chunk_0003.wav,D03_J13_S000005_merged__chunk_0003.wav,D03,296222,18.511125,8000,1,-15.983609174361668,0.0,0.42439343908055294,0.005307619066912465,0.08484819836853763,563.2353435676189,0.372590270042292,0.0,0.0012155807492830904,18.511125,0.0,D03,False,True,D03_J13_S000005_merged,3
C:\Users\SZ\Documents\his_voice\stt_finetuning_cleaned_v3\D03\D03_J13_S000006_merged__chunk_0001.wav,D03_J13_S000006_merged__chunk_0001.wav,D03,326642,20.412375,8000,1,-22.298055944876992,0.0,0.36210876980263196,0.0010410351563696042,0.07638182953863489,267.3763438516041,0.16679543688689213,0.0,0.0015006045928408237,20.412375,0.0,D03,False,True,D03_J13_S000006_merged,1
C:\Users\SZ\Documents\his_voice\stt_finetuning_cleaned_v3\D03\D03_J13_S000006_merged__chunk_0002.wav,D03_J13_S000006_merged__chunk_0002.wav,D03,348070,21.751625,8000,1,-16.383082768218284,0.0,0.320545016751622,0.005671990023733859,0.08579293382065604,475.70457813331893,0.3366162161940394,0.0,0.0007705531791308745,21.751625,0.0,D03,False,True,D03_J13_S000006_merged,2
C:\Users\SZ\Documents\his_voice\stt_finetuning_cleaned_v3\D03\D03_J13_S000006_merged__chunk_0003.wav,D03_J13_S000006_merged__chunk_0003.wav,D03,358878,22.427125,8000,1,-14.688800620906422,0.0,0.3592357468913202,0.0073794567961787344,0.09933339278548178,516.1721824076125,0.3619312945286002,0.0,0.0010916070832874285,22.427125,0.0,D03,False,True,D03_J13_S000006_merged,3
C:\Users\SZ\Documents\his_voice\stt_finetuning_cleaned_v3\D03\D03_J13_S000006_merged__chunk_0004.wav,D03_J13_S000006_merged__chunk_0004.wav,D03,394772,24.6705,8000,1,-22.55819303657765,-1.164384225448976,0.44065787073630447,0.0,0.08794454887694249,424.5407574348186,0.24376278150994787,1.1647353972684201e-11,0.0007240439223294907,24.6705,0.0,D03,False,True,D03_J13_S000006_merged,4
C:\Users\SZ\Documents\his_voice\stt_finetuning_cleaned_v3\D03\D03_J13_S000006_merged__chunk_0005.wav,D03_J13_S000006_merged__chunk_0005.wav,D03,474304,29.64125,8000,1,-23.32483825996644,-3.11760082711912,0.4629781132712015,0.0,0.09908109088302147,474.6891544196279,0.280258369663249,2.353184898270133e-11,0.001250273097140622,29.64125,0.0,D03,False,True,D03_J13_S000006_merged,5
C:\Users\SZ\Documents\his_voice\stt_finetuning_cleaned_v3\D03\D03_J13_S000006_merged__chunk_0006.wav,D03_J13_S000006_merged__chunk_0006.wav,D03,347864,21.73875,8000,1,-19.933657050369277,0.0,0.36865620148352596,0.00012075211316198034,0.09740151458521411,496.85347333122724,0.25027468858749424,4.9663745091487704e-11,0.004009985901317689,21.73875,0.0,D03,False,True,D03_J13_S000006_merged,6
C:\Users\SZ\Documents\his_voice\stt_finetuning_cleaned_v3\D03\D03_J13_S000006_merged__chunk_0007.wav,D03_J13_S000006_merged__chunk_0007.wav,D03,200628,12.5365,8000,1,-14.805017853610408,0.0,0.3382822159294859,0.003778965420970765,0.22620175289906372,484.9467120698016,0.28676527895818404,0.0,0.0021292390616771345,12.5365,0.0,D03,False,True,D03_J13_S000006_merged,7
C:\Users\SZ\Documents\his_voice\stt_finetuning_cleaned_v3\D03\D03_J13_S000007_merged__chunk_0001.wav,D03_J13_S000007_merged__chunk_0001.wav,D03,459822,28.736125,8000,1,-15.359237679675582,0.0,0.3116982543749375,0.001831318592886132,0.0959119223273942,522.4558255278371,0.24127727123372597,0.0,0.0009856303329511876,28.736125,0.0,D03,False,True,D03_J13_S000007_merged,1
C:\Users\SZ\Documents\his_voice\stt_finetuning_cleaned_v3\D03\D03_J13_S000007_merged__chunk_0002.wav,D03_J13_S000007_merged__chunk_0002.wav,D03,368764,23.045,8000,1,-14.274623340189915,0.0,0.2219950097635062,0.002533087437622044,0.11542154166598864,510.83004329225184,0.23307649492203544,0.0,0.0013858743536871358,23.045,0.0,D03,False,True,D03_J13_S000007_merged,2
C:\Users\SZ\Documents\his_voice\stt_finetuning_cleaned_v3\D03\D03_J13_S000007_merged__chunk_0003.wav,D03_J13_S000007_merged__chunk_0003.wav,D03,409934,25.618125,8000,1,-22.55820867478517,-3.979107914748135,0.26282661201785845,0.0,0.10856136310406746,554.1618704059026,0.2840071375530825,0.0,0.0009464823674172875,25.618125,0.0,D03,False,True,D03_J13_S000007_merged,3
C:\Users\SZ\Documents\his_voice\stt_finetuning_cleaned_v3\D03\D03_J13_S000007_merged__chunk_0004.wav,D03_J13_S000007_merged__chunk_0004.wav,D03,358972,22.433,8000,1,-23.275233971348314,-2.1679824031093524,0.37296616591628406,0.0,0.11068576809704507,589.044931572167,0.2171826824956208,3.892937120827725e-09,0.002522083947603486,22.433,0.0,D03,False,True,D03_J13_S000007_merged,4
C:\Users\SZ\Documents\his_voice\stt_finetuning_cleaned_v3\D03\D03_J13_S000007_merged__chunk_0005.wav,D03_J13_S000007_merged__chunk_0005.wav,D03,322302,20.141125,8000,1,-19.919383771286263,-1.0775276211379123,0.4359674546481391,0.0,0.09448388858547242,507.4483323646573,0.16871357038444842,0.0,0.004681955023817621,20.141125,0.0,D03,False,True,D03_J13_S000007_merged,5
C:\Users\SZ\Documents\his_voice\stt_finetuning_cleaned_v3\D03\D03_J13_S000007_merged__chunk_0006.wav,D03_J13_S000007_merged__chunk_0006.wav,D03,328646,20.537625,8000,1,-14.705856070198015,0.0,0.18812423539722825,0.0012477099956786628,0.17625684723067558,605.0002205143448,0.33588546272309056,0.0,0.001499287088418814,20.537625,0.0,D03,False,True,D03_J13_S000007_merged,6
C:\Users\SZ\Documents\his_voice\stt_finetuning_cleaned_v3\D03\D03_J13_S000007_merged__chunk_0007.wav,D03_J13_S000007_merged__chunk_0007.wav,D03,339788,21.234,8000,1,-15.819221989385264,0.0,0.2436775925402656,0.001306866346425544,0.10730495493639292,562.2939593142278,0.32139278958119355,0.0,0.0010749074327566154,21.234,0.0,D03,False,True,D03_J13_S000007_merged,7
C:\Users\SZ\Documents\his_voice\stt_finetuning_cleaned_v3\D03\D03_J13_S000008_merged__chunk_0001.wav,D03_J13_S000008_merged__chunk_0001.wav,D03,440422,27.523625,8000,1,-14.358991298892935,0.0,0.29384301668112395,0.003637783903828075,0.08852435191745237,475.88053926836983,0.3031194327795673,0.0,0.0014203856153985953,27.523625,0.0,D03,False,True,D03_J13_S000008_merged,1
C:\Users\SZ\Documents\his_voice\stt_finetuning_cleaned_v3\D03\D03_J13_S000008_merged__chunk_0002.wav,D03_J13_S000008_merged__chunk_0002.wav,D03,399986,24.996375,8000,1,-22.55819738052136,-1.4700712471333346,0.4001680243635327,0.0,0.10183027454118118,478.31283898180186,0.23700946021850616,0.0,0.0009232417124503164,24.996375,0.0,D03,False,True,D03_J13_S000008_merged,2
C:\Users\SZ\Documents\his_voice\stt_finetuning_cleaned_v3\D03\D03_J13_S000008_merged__chunk_0003.wav,D03_J13_S000008_merged__chunk_0003.wav,D03,388732,24.293,8000,1,-23.2853349117617,-3.121017255576626,0.37617832297369613,0.0,0.11070118296002429,523.3950317700791,0.28800602295255434,7.915772288875645e-11,0.0012111304449647978,24.293,0.0,D03,False,True,D03_J13_S000008_merged,3
C:\Users\SZ\Documents\his_voice\stt_finetuning_cleaned_v3\D03\D03_J13_S000008_merged__chunk_0004.wav,D03_J13_S000008_merged__chunk_0004.wav,D03,391950,24.494125,8000,1,-19.934802855523202,0.0,0.2999137548289641,1.5309793675013906e-05,0.09798828284477831,476.6475531776786,0.21776879072748245,0.0,0.005703667837137077,24.494125,0.0,D03,False,True,D03_J13_S000008_merged,4
C:\Users\SZ\Documents\his_voice\stt_finetuning_cleaned_v3\D03\D03_J13_S000008_merged__chunk_0005.wav,D03_J13_S000008_merged__chunk_0005.wav,D03,325900,20.366,8000,1,-14.790072609418905,0.0,0.24200260237650986,0.002811057645094766,0.1941176109545993,518.3067240439993,0.2749008293684035,1.9515727594475577e-10,0.001708615967952444,20.366,0.0,D03,False,True,D03_J13_S000008_merged,5
C:\Users\SZ\Documents\his_voice\stt_finetuning_cleaned_v3\D03\D03_J13_S000008_merged__chunk_0006.wav,D03_J13_S000008_merged__chunk_0006.wav,D03,338168,21.13275,8000,1,-15.780464239956135,0.0,0.1640936461179922,0.0007866936390200045,0.10727488894541024,589.436387229475,0.2904230514003459,0.0,0.0011099055333911323,21.13275,0.0,D03,False,True,D03_J13_S000008_merged,6
C:\Users\SZ\Documents\his_voice\stt_finetuning_cleaned_v3\D03\D03_J13_S000008_merged__chunk_0007.wav,D03_J13_S000008_merged__chunk_0007.wav,D03,443520,27.71725,8000,1,-21.668646938480094,-0.10668139065976918,0.2888228449792097,0.0,0.11353089470859622,534.7671462812649,0.22289301713642126,0.0,0.003321794484288803,27.71725,0.0,D03,False,True,D03_J13_S000008_merged,7
C:\Users\SZ\Documents\his_voice\stt_finetuning_cleaned_v3\D03\D03_J13_S000008_merged__chunk_0008.wav,D03_J13_S000008_merged__chunk_0008.wav,D03,465760,29.10725,8000,1,-16.226382312797195,0.0,0.2182531843441067,0.000992020888266669,0.11180252257823471,564.1715507905297,0.2569161739671622,2.3594288566456765e-10,0.0012092760108842406,29.10725,0.0,D03,False,True,D03_J13_S000008_merged,8
C:\Users\SZ\Documents\his_voice\stt_finetuning_cleaned_v3\D03\D03_J13_S000008_merged__chunk_0009.wav,D03_J13_S000008_merged__chunk_0009.wav,D03,431626,26.973875,8000,1,-20.84617834656529,0.0,0.31266827624877774,0.00012512106621684872,0.1919829463830576,581.944211142391,0.257863758233512,0.0,0.001112566138744585,26.973875,0.0,D03,False,True,D03_J13_S000008_merged,9
C:\Users\SZ\Documents\his_voice\stt_finetuning_cleaned_v3\D03\D03_J13_S000009_merged__chunk_0001.wav,D03_J13_S000009_merged__chunk_0001.wav,D03,345586,21.596375,8000,1,-22.55819303657765,-0.6990865244061117,0.40611560967986526,0.0,0.098564565607455,534.0175545214161,0.1776010461426244,0.0,0.0007220573182318955,21.596375,0.0,D03,False,True,D03_J13_S000009_merged,1
C:\Users\SZ\Documents\his_voice\stt_finetuning_cleaned_v3\D03\D03_J13_S000009_merged__chunk_0002.wav,D03_J13_S000009_merged__chunk_0002.wav,D03,382490,23.902875,8000,1,-23.283133210458654,-4.744447547299511,0.3098058287967452,0.0,0.10280197885180575,544.476786514031,0.22812413541904036,0.0,0.0012199271774225606,23.902875,0.0,D03,False,True,D03_J13_S000009_merged,2
C:\Users\SZ\Documents\his_voice\stt_finetuning_cleaned_v3\D03\D03_J13_S000009_merged__chunk_0003.wav,D03_J13_S000009_merged__chunk_0003.wav,D03,454160,28.38225,8000,1,-19.9486402330901,-0.2746712665223986,0.2644170212016313,0.0,0.1015163593282744,540.1565813215998,0.2576600688957869,2.5267186166613344e-12,0.002181524052040918,28.38225,0.0,D03,False,True,D03_J13_S000009_merged,3
C:\Users\SZ\Documents\his_voice\stt_finetuning_cleaned_v3\D03\D03_J13_S000009_merged__chunk_0004.wav,D03_J13_S000009_merged__chunk_0004.wav,D03,411728,25.73025,8000,1,-14.705107469658072,0.0,0.15209723963039612,0.0016226037446196598,0.14753620512920165,554.2879597452278,0.29689692678139395,0.0,0.0013211382103297067,25.73025,0.0,D03,False,True,D03_J13_S000009_merged,4
C:\Users\SZ\Documents\his_voice\stt_finetuning_cleaned_v3\D03\D03_J13_S000009_merged__chunk_0005.wav,D03_J13_S000009_merged__chunk_0005.wav,D03,349008,21.81025,8000,1,-15.806122723725473,0.0,0.25196868444882564,0.0009341937850322669,0.09919704724296628,527.4263939389505,0.2622708332110801,1.5351181015000305e-10,0.0012948159720052683,21.81025,0.0,D03,False,True,D03_J13_S000009_merged,5
C:\Users\SZ\Documents\his_voice\stt_finetuning_cleaned_v3\D03\D03_J13_S000009_merged__chunk_0006.wav,D03_J13_S000009_merged__chunk_0006.wav,D03,197838,12.362125,8000,1,-21.670172376308567,-0.00026507636037961915,0.4034601656268643,2.0223060355723633e-05,0.08962950978806018,530.1588780907089,0.23619443805070375,0.0,0.0022446277988189987,12.362125,0.0,D03,False,True,D03_J13_S000009_merged,6
C:\Users\SZ\Documents\his_voice\stt_finetuning_cleaned_v3\D03\D03_J13_S000010_merged__chunk_0001.wav,D03_J13_S000010_merged__chunk_0001.wav,D03,379440,23.71225,8000,1,-23.280022877239666,-4.441305586205623,0.3649484970848401,0.0,0.11070812927985155,424.4294655806099,0.29684251462990735,7.849741217617196e-11,0.001535224990907687,23.71225,0.0,D03,False,True,D03_J13_S000010_merged,1
C:\Users\SZ\Documents\his_voice\stt_finetuning_cleaned_v3\D03\D03_J13_S000010_merged__chunk_0002.wav,D03_J13_S000010_merged__chunk_0002.wav,D03,337708,21.104,8000,1,-19.92260625134248,-0.44346336577201995,0.3029935083396513,0.0,0.1120410351179582,486.2816992129983,0.2748502939806831,2.54154193714106e-10,0.005565810001301696,21.104,0.0,D03,False,True,D03_J13_S000010_merged,2
C:\Users\SZ\Documents\his_voice\stt_finetuning_cleaned_v3\D03\D03_J13_S000011_merged__chunk_0001.wav,D03_J13_S000011_merged__chunk_0001.wav,D03,454912,28.42925,8000,1,-19.947046841183607,-0.861769567544801,0.31145299295619827,0.0,0.11696191845510547,496.5622298242197,0.21522297818810915,1.589954704385606e-10,0.00200500214186277,28.42925,0.0,D03,False,True,D03_J13_S000011_merged,1
C:\Users\SZ\Documents\his_voice\stt_finetuning_cleaned_v3\D03\D03_J13_S000011_merged__chunk_0002.wav,D03_J13_S000011_merged__chunk_0002.wav,D03,296056,18.50075,8000,1,-14.723310971584153,0.0,0.2623880112968393,0.0016688512627866438,0.21502651937434547,454.9800149827417,0.26815615708569934,6.78345643426223e-10,0.0012657916255352194,18.50075,0.0,D03,False,True,D03_J13_S000011_merged,2
C:\Users\SZ\Documents\his_voice\stt_finetuning_cleaned_v3\D03\D03_J13_S000012_merged__chunk_0001.wav,D03_J13_S000012_merged__chunk_0001.wav,D03,424882,26.552375,8000,1,-14.704195727574847,0.0,0.25295289027817663,0.001275780415122941,0.1966264629174552,440.3725458636725,0.2858325964806538,0.0,0.0014435478089294552,26.552375,0.0,D03,False,True,D03_J13_S000012_merged,1
C:\Users\SZ\Documents\his_voice\stt_finetuning_cleaned_v3\D03\D03_J13_S000012_merged__chunk_0002.wav,D03_J13_S000012_merged__chunk_0002.wav,D03,395686,24.727625,8000,1,-15.828287147192679,0.0,0.2941800921034673,0.0011778324849232387,0.08767060964513194,464.8295086436271,0.27399400488721004,0.0,0.001579547724920307,24.727625,0.0,D03,False,True,D03_J13_S000012_merged,2
C:\Users\SZ\Documents\his_voice\stt_finetuning_cleaned_v3\D03\D03_J13_S000012_merged__chunk_0003.wav,D03_J13_S000012_merged__chunk_0003.wav,D03,300970,18.807875,8000,1,-21.668645370044363,-2.1928542479652338,0.3798608295727189,0.0,0.08959737342318991,421.5533846949396,0.21130440968963546,0.0,0.0018198529868135188,18.807875,0.0,D03,False,True,D03_J13_S000012_merged,3
C:\Users\SZ\Documents\his_voice\stt_finetuning_cleaned_v3\D03\D03_J13_S000013_merged__chunk_0001.wav,D03_J13_S000013_merged__chunk_0001.wav,D03,346078,21.627125,8000,1,-15.8001239598307,0.0,0.2798800117907489,0.0011154973210724959,0.06635802469135803,309.1536331630651,0.2668760046305414,0.0,0.0009236389594899425,21.627125,0.0,D03,False,True,D03_J13_S000013_merged,1
C:\Users\SZ\Documents\his_voice\stt_finetuning_cleaned_v3\D03\D03_J13_S000013_merged__chunk_0002.wav,D03_J13_S000013_merged__chunk_0002.wav,D03,395642,24.724875,8000,1,-21.763800169498914,0.0,0.3325143200926193,0.00015166911865075152,0.08281175744951921,394.4031501962565,0.22034368172883284,0.0,0.0010872482118113843,24.724875,0.0,D03,False,True,D03_J13_S000013_merged,2
C:\Users\SZ\Documents\his_voice\stt_finetuning_cleaned_v3\D03\D03_J13_S000013_merged__chunk_0003.wav,D03_J13_S000013_merged__chunk_0003.wav,D03,375684,23.4775,8000,1,-16.21747836790464,0.0,0.12968799914812054,0.0006921520604834416,0.10585191061607185,465.2281433278955,0.21097433491952258,3.213384676857407e-10,0.0024805547008584063,23.4775,0.0,D03,False,True,D03_J13_S000013_merged,3
C:\Users\SZ\Documents\his_voice\stt_finetuning_cleaned_v3\D03\D03_J13_S000013_merged__chunk_0004.wav,D03_J13_S000013_merged__chunk_0004.wav,D03,440226,27.511375,8000,1,-20.705767295157788,-0.00026507636037961915,0.21845963715008793,2.271787578774234e-05,0.14211458948611932,428.0130500665812,0.2265061021860316,0.0,0.006351431567375855,27.511375,0.0,D03,False,True,D03_J13_S000013_merged,4
C:\Users\SZ\Documents\his_voice\stt_finetuning_cleaned_v3\D03\D03_J13_S000013_merged__chunk_0005.wav,D03_J13_S000013_merged__chunk_0005.wav,D03,345640,21.59975,8000,1,-24.068320819099046,-2.122850220154805,0.3602993090197803,0.0,0.08946914587637517,496.549971085326,0.2012264114555055,2.3270322765587596e-11,0.0013481293844948956,21.59975,0.0,D03,False,True,D03_J13_S000013_merged,5
C:\Users\SZ\Documents\his_voice\stt_finetuning_cleaned_v3\D03\D03_J13_S000013_merged__chunk_0006.wav,D03_J13_S000013_merged__chunk_0006.wav,D03,376992,23.55925,8000,1,-17.37578460907363,0.0,0.32859704786867155,0.0005411887050733789,0.20650703283759478,438.864048238439,0.22934141271469494,0.0,0.0024810740327952815,23.55925,0.0,D03,False,True,D03_J13_S000013_merged,6
C:\Users\SZ\Documents\his_voice\stt_finetuning_cleaned_v3\D03\D03_J13_S000013_merged__chunk_0007.wav,D03_J13_S000013_merged__chunk_0007.wav,D03,435840,27.23725,8000,1,-15.070430190564583,0.0,0.19330604227666157,0.002409384207289649,0.16107151544078166,413.69773280740577,0.2576209811120581,1.5537795364198608e-10,0.0009474603131077988,27.23725,0.0,D03,False,True,D03_J13_S000013_merged,7
C:\Users\SZ\Documents\his_voice\stt_finetuning_cleaned_v3\D03\D03_J13_S000013_merged__chunk_0008.wav,D03_J13_S000013_merged__chunk_0008.wav,D03,139286,8.702625,8000,1,-20.465359522441886,-0.07427181681027689,0.18112351158414847,0.0,0.1481614478598104,455.92521289878124,0.26717460314738917,0.0,0.0021093183879800806,8.702625,0.0,D03,False,True,D03_J13_S000013_merged,8
C:\Users\SZ\Documents\his_voice\stt_finetuning_cleaned_v3\D03\D03_J13_S000014_merged__chunk_0001.wav,D03_J13_S000014_merged__chunk_0001.wav,D03,345956,21.6195,8000,1,-21.668988864230208,0.0,0.24542658248340618,5.781817340826569e-06,0.10339683732762857,462.4995995792335,0.245237027353337,0.0,0.0015367356879698332,21.6195,0.0,D03,False,True,D03_J13_S000014_merged,1
C:\Users\SZ\Documents\his_voice\stt_finetuning_cleaned_v3\D03\D03_J13_S000014_merged__chunk_0002.wav,D03_J13_S000014_merged__chunk_0002.wav,D03,423008,26.43525,8000,1,-16.23363419098718,0.0,0.2671054746976102,0.0006714519439006629,0.10434034263125293,466.02477698089706,0.2494116378003935,0.0,0.0010305543918655406,26.43525,0.0,D03,False,True,D03_J13_S000014_merged,2
C:\Users\SZ\Documents\his_voice\stt_finetuning_cleaned_v3\D03\D03_J13_S000014_merged__chunk_0003.wav,D03_J13_S000014_merged__chunk_0003.wav,D03,177624,11.09875,8000,1,-20.634201612658455,0.0,0.294616510868341,1.1262529564140106e-05,0.17813017378278842,494.4213000805523,0.2346464849652827,0.0,0.010944006664880278,11.09875,0.0,D03,False,True,D03_J13_S000014_merged,3
C:\Users\SZ\Documents\his_voice\stt_finetuning_cleaned_v3\D03\D03_J13_S000015_merged__chunk_0001.wav,D03_J13_S000015_merged__chunk_0001.wav,D03,402892,25.178,8000,1,-16.197120246402562,0.0,0.27652116927476367,0.0006851219318452618,0.07908729390387394,320.54663198150126,0.2287393829993676,6.962443884724147e-11,0.0005976810196677289,25.178,0.0,D03,False,True,D03_J13_S000015_merged,1
C:\Users\SZ\Documents\his_voice\stt_finetuning_cleaned_v3\D03\D03_J13_S000015_merged__chunk_0002.wav,D03_J13_S000015_merged__chunk_0002.wav,D03,408078,25.502125,8000,1,-20.833713350284935,0.0,0.30856742330296005,1.9606209286481027e-05,0.1706777899772567,343.2817727039617,0.24870380943657108,0.0,0.0012556193581071476,25.502125,0.0,D03,False,True,D03_J13_S000015_merged,2
C:\Users\SZ\Documents\his_voice\stt_finetuning_cleaned_v3\D03\D03_J13_S000015_merged__chunk_0003.wav,D03_J13_S000015_merged__chunk_0003.wav,D03,358316,22.392,8000,1,-24.068364237201678,-1.4306026771338902,0.3438783940693105,0.0,0.09222095067965501,411.12540826112985,0.1931418098803425,4.742088759913276e-10,0.0014127612837362441,22.392,0.0,D03,False,True,D03_J13_S000015_merged,3
C:\Users\SZ\Documents\his_voice\stt_finetuning_cleaned_v3\D03\D03_J13_S000015_merged__chunk_0004.wav,D03_J13_S000015_merged__chunk_0004.wav,D03,354232,22.13675,8000,1,-17.48266016199671,0.0,0.23742758083277807,0.0011971043626548613,0.16421315354079494,349.32378087613495,0.24658979455101096,8.646907328322687e-09,0.0008657138711538585,22.13675,0.0,D03,False,True,D03_J13_S000015_merged,4
C:\Users\SZ\Documents\his_voice\stt_finetuning_cleaned_v3\D03\D03_J13_S000015_merged__chunk_0005.wav,D03_J13_S000015_merged__chunk_0005.wav,D03,408862,25.551125,8000,1,-14.95517561271457,0.0,0.253345009270629,0.001991106066758313,0.19778580094712536,409.4097927530175,0.29455943159939224,0.0,0.0022542366767458045,25.551125,0.0,D03,False,True,D03_J13_S000015_merged,5
C:\Users\SZ\Documents\his_voice\stt_finetuning_cleaned_v3\D03\D03_J13_S000015_merged__chunk_0006.wav,D03_J13_S000015_merged__chunk_0006.wav,D03,402432,25.14925,8000,1,-20.47199855242891,0.0,0.29541636430509854,7.455490720399216e-05,0.17737694651404373,407.54149042422983,0.287022393852492,0.0,0.0008532355109079363,25.14925,0.0,D03,False,True,D03_J13_S000015_merged,6
C:\Users\SZ\Documents\his_voice\stt_finetuning_cleaned_v3\D03\D03_J13_S000015_merged__chunk_0007.wav,D03_J13_S000015_merged__chunk_0007.wav,D03,334668,20.914,8000,1,-18.65748598752651,0.0,0.19988404896241752,0.00026298173472315197,0.10207936118964085,463.4320099620851,0.21254137638753756,0.0,0.006925211870679419,20.914,0.0,D03,False,True,D03_J13_S000015_merged,7
C:\Users\SZ\Documents\his_voice\stt_finetuning_cleaned_v3\D03\D03_J13_S000015_merged__chunk_0008.wav,D03_J13_S000015_merged__chunk_0008.wav,D03,418026,26.123875,8000,1,-23.60706639032003,-4.261514177682709,0.38254757381896826,0.0,0.18143930331594812,352.2837818000416,0.25040421377168076,0.0,0.0015168920025654667,26.123875,0.0,D03,False,True,D03_J13_S000015_merged,8
C:\Users\SZ\Documents\his_voice\stt_finetuning_cleaned_v3\D03\D03_J13_S000015_merged__chunk_0009.wav,D03_J13_S000015_merged__chunk_0009.wav,D03,104360,6.51975,8000,1,-18.099572759492204,0.0,0.26688139882664214,0.00028758771425284714,0.19619610023582645,634.2328946961948,0.28191211392640425,1.3564728452598907e-08,0.00216298133105567,6.51975,0.0,D03,False,True,D03_J13_S000015_merged,9
C:\Users\SZ\Documents\his_voice\stt_finetuning_cleaned_v3\D03\D03_J13_S000016_merged__chunk_0001.wav,D03_J13_S000016_merged__chunk_0001.wav,D03,374830,23.424125,8000,1,-20.84379959159142,0.0,0.3996253862204031,9.071843665451751e-05,0.2397007342896175,496.268809446051,0.2697745088277104,0.0,0.0006939432048325695,23.424125,0.0,D03,False,True,D03_J13_S000016_merged,1
C:\Users\SZ\Documents\his_voice\stt_finetuning_cleaned_v3\D03\D03_J13_S000016_merged__chunk_0002.wav,D03_J13_S000016_merged__chunk_0002.wav,D03,469764,29.3575,8000,1,-24.06833012295991,-3.2345199474153774,0.43310057055266965,0.0,0.08941109346458939,430.0081151452006,0.26881852355262725,7.1155397734296745e-09,0.0007787685520915406,29.3575,0.0,D03,False,True,D03_J13_S000016_merged,2
C:\Users\SZ\Documents\his_voice\stt_finetuning_cleaned_v3\D03\D03_J13_S000016_merged__chunk_0003.wav,D03_J13_S000016_merged__chunk_0003.wav,D03,375402,23.459875,8000,1,-17.457043247140273,0.0,0.24892502624161467,0.0006180766095301019,0.18576498044523065,515.2913485350365,0.2870159114791636,0.0,0.0010319724022787003,23.459875,0.0,D03,False,True,D03_J13_S000016_merged,3
C:\Users\SZ\Documents\his_voice\stt_finetuning_cleaned_v3\D03\D03_J13_S000016_merged__chunk_0004.wav,D03_J13_S000016_merged__chunk_0004.wav,D03,386914,24.179375,8000,1,-15.108181311491917,0.0,0.2644092330757102,0.0032672473957660194,0.20948230404168863,472.14736562488645,0.3021953785049784,0.0,0.0026488871316059826,24.179375,0.0,D03,False,True,D03_J13_S000016_merged,4
C:\Users\SZ\Documents\his_voice\stt_finetuning_cleaned_v3\D03\D03_J13_S000016_merged__chunk_0005.wav,D03_J13_S000016_merged__chunk_0005.wav,D03,396886,24.802625,8000,1,-20.470736609547473,0.0,0.29818920376371455,7.559683702833873e-05,0.1937607096058865,593.1174523919502,0.31527002513787133,0.0,0.0010274656660274543,24.802625,0.0,D03,False,True,D03_J13_S000016_merged,5
C:\Users\SZ\Documents\his_voice\stt_finetuning_cleaned_v3\D03\D03_J13_S000016_merged__chunk_0006.wav,D03_J13_S000016_merged__chunk_0006.wav,D03,321520,20.09225,8000,1,-18.650745129347058,0.0,0.25935373091614927,0.00014931130162127188,0.10467409495013594,584.5607163859357,0.23429371616763137,0.0,0.0033745204845794705,20.09225,0.0,D03,False,True,D03_J13_S000016_merged,6
C:\Users\SZ\Documents\his_voice\stt_finetuning_cleaned_v3\D03\D03_J13_S000016_merged__chunk_0007.wav,D03_J13_S000016_merged__chunk_0007.wav,D03,265498,16.590875,8000,1,-23.606736036460116,-4.352475847487792,0.3322534224385393,0.0,0.1859168512574778,530.7561841705536,0.23133650448178145,0.0,0.0017835233752765416,16.590875,0.0,D03,False,True,D03_J13_S000016_merged,7
C:\Users\SZ\Documents\his_voice\stt_finetuning_cleaned_v3\D03\D03_J13_S000017_merged__chunk_0001.wav,D03_J13_S000017_merged__chunk_0001.wav,D03,355566,22.220125,8000,1,-24.068322886622827,-6.817336915642359,0.43569174340828415,0.0,0.08782628262826282,462.33338783074714,0.19238945256005655,0.0,0.0020931211114390354,22.220125,0.0,D03,False,True,D03_J13_S000017_merged,1
C:\Users\SZ\Documents\his_voice\stt_finetuning_cleaned_v3\D03\D03_J13_S000017_merged__chunk_0002.wav,D03_J13_S000017_merged__chunk_0002.wav,D03,358708,22.4165,8000,1,-17.40811776297454,0.0,0.3643186938192849,0.0003401512278901702,0.21740245690929064,443.6668629912934,0.21961565486286552,7.595316909115987e-10,0.001432716890549275,22.4165,0.0,D03,False,True,D03_J13_S000017_merged,2
C:\Users\SZ\Documents\his_voice\stt_finetuning_cleaned_v3\D03\D03_J13_S000017_merged__chunk_0003.wav,D03_J13_S000017_merged__chunk_0003.wav,D03,374866,23.426375,8000,1,-15.082095316191758,0.0,0.3066949111845089,0.0034576412270357665,0.21042100208099887,503.9233962845748,0.2685618510309085,0.0,0.0023531398939502517,23.426375,0.0,D03,False,True,D03_J13_S000017_merged,3
C:\Users\SZ\Documents\his_voice\stt_finetuning_cleaned_v3\D03\D03_J13_S000017_merged__chunk_0004.wav,D03_J13_S000017_merged__chunk_0004.wav,D03,324750,20.294125,8000,1,-20.468365582047227,0.0,0.33605784925440246,4.9275344465454904e-05,0.1976507834828028,579.416567907245,0.23848887449215533,0.0,0.0008703409206712591,20.294125,0.0,D03,False,True,D03_J13_S000017_merged,4
C:\Users\SZ\Documents\his_voice\stt_finetuning_cleaned_v3\D03\D03_J13_S000017_merged__chunk_0005.wav,D03_J13_S000017_merged__chunk_0005.wav,D03,347502,21.716125,8000,1,-18.657604090621668,-0.21034316371352416,0.24305095867701995,0.0,0.0983318751151225,553.4049619500007,0.20042914649068483,0.0,0.003659571603698458,21.716125,0.0,D03,False,True,D03_J13_S000017_merged,5
C:\Users\SZ\Documents\his_voice\stt_finetuning_cleaned_v3\D03\D03_J13_S000017_merged__chunk_0006.wav,D03_J13_S000017_merged__chunk_0006.wav,D03,321322,20.079875,8000,1,-23.607450675306684,-2.5790193881812957,0.3733962487316281,0.0,0.1861016695924999,552.2036415178948,0.2613298979754738,0.0,0.0018808975769480164,20.079875,0.0,D03,False,True,D03_J13_S000017_merged,6
C:\Users\SZ\Documents\his_voice\stt_finetuning_cleaned_v3\D03\D03_J13_S000017_merged__chunk_0007.wav,D03_J13_S000017_merged__chunk_0007.wav,D03,413504,25.84125,8000,1,-18.302570054638558,-0.00026507636037961915,0.3509650268466115,1.9348909205243556e-05,0.2062265091012872,446.7672387183034,0.2515730665388895,0.0,0.0014879031343020632,25.84125,0.0,D03,False,True,D03_J13_S000017_merged,7
C:\Users\SZ\Documents\his_voice\stt_finetuning_cleaned_v3\D03\D03_J13_S000017_merged__chunk_0008.wav,D03_J13_S000017_merged__chunk_0008.wav,D03,384700,24.041,8000,1,-21.137877115269482,-3.3553744464963424,0.3230106900711285,0.0,0.097339427121517,494.9123817808882,0.17407778313057942,3.90318925033082e-11,0.0017746388550072148,24.041,0.0,D03,False,True,D03_J13_S000017_merged,8
C:\Users\SZ\Documents\his_voice\stt_finetuning_cleaned_v3\D03\D03_J13_S000017_merged__chunk_0009.wav,D03_J13_S000017_merged__chunk_0009.wav,D03,331458,20.713375,8000,1,-25.994912975372483,-3.787199413923157,0.403597916804963,0.0,0.1815142481261994,524.2967447978376,0.2402388118519534,0.0,0.0016520668534540251,20.713375,0.0,D03,False,True,D03_J13_S000017_merged,9
C:\Users\SZ\Documents\his_voice\stt_finetuning_cleaned_v3\D03\D03_J13_S000017_merged__chunk_0010.wav,D03_J13_S000017_merged__chunk_0010.wav,D03,455316,28.4545,8000,1,-23.186017549726834,-0.9500325934515328,0.4016939324184224,0.0,0.19692050870911768,446.076558434715,0.22750776263386738,2.831867500237482e-10,0.0017936341079446204,28.4545,0.0,D03,False,True,D03_J13_S000017_merged,10
C:\Users\SZ\Documents\his_voice\stt_finetuning_cleaned_v3\D03\D03_J13_S000017_merged__chunk_0011.wav,D03_J13_S000017_merged__chunk_0011.wav,D03,459760,28.73225,8000,1,-22.233283249666968,-2.734501468183013,0.3269018263449608,0.0,0.17384286752198105,499.4548081768414,0.24770180899098074,0.0,0.0009318908385361396,28.73225,0.0,D03,False,True,D03_J13_S000017_merged,11
C:\Users\SZ\Documents\his_voice\stt_finetuning_cleaned_v3\D03\D03_J13_S000017_merged__chunk_0012.wav,D03_J13_S000017_merged__chunk_0012.wav,D03,418734,26.168125,8000,1,-15.412509791056335,0.0,0.21624590986171152,0.0011129952948482171,0.09916692143075512,506.40664875011174,0.26531324322981104,0.0,0.001070930280501734,26.168125,0.0,D03,False,True,D03_J13_S000017_merged,12
C:\Users\SZ\Documents\his_voice\stt_finetuning_cleaned_v3\D03\D03_J13_S000017_merged__chunk_0013.wav,D03_J13_S000017_merged__chunk_0013.wav,D03,372386,23.271375,8000,1,-19.924138069996637,-0.9337837517851297,0.3290738084878955,0.0,0.10163291615190417,455.76116783039674,0.23814771820112823,0.0,0.0013541635968195595,23.271375,0.0,D03,False,True,D03_J13_S000017_merged,13
C:\Users\SZ\Documents\his_voice\stt_finetuning_cleaned_v3\D03\D03_J13_S000017_merged__chunk_0014.wav,D03_J13_S000017_merged__chunk_0014.wav,D03,378944,23.68125,8000,1,-20.849541098623785,-1.267747150785892,0.29725521245711267,0.0,0.17880801693331716,544.761605138295,0.2585476335923715,0.0,0.000916183381667511,23.68125,0.0,D03,False,True,D03_J13_S000017_merged,14
C:\Users\SZ\Documents\his_voice\stt_finetuning_cleaned_v3\D03\D03_J13_S000017_merged__chunk_0015.wav,D03_J13_S000017_merged__chunk_0015.wav,D03,66894,4.178125,8000,1,-25.187846954689753,-2.0995278446277488,0.5880329094988781,0.0,0.07602321685016754,413.7563160365613,0.15519331758732885,0.0,0.014658797716386906,4.178125,0.0,D03,False,True,D03_J13_S000017_merged,15
C:\Users\SZ\Documents\his_voice\stt_finetuning_cleaned_v3\D03\D03_J13_S000018_merged__chunk_0001.wav,D03_J13_S000018_merged__chunk_0001.wav,D03,425690,26.602875,8000,1,-17.402728856822012,0.0,0.36253130535703376,0.00023493701338671101,0.22559227899371306,463.6204740126796,0.2343586912564389,0.0,0.0018030808460709608,26.602875,0.0,D03,False,True,D03_J13_S000018_merged,1
C:\Users\SZ\Documents\his_voice\stt_finetuning_cleaned_v3\D03\D03_J13_S000018_merged__chunk_0002.wav,D03_J13_S000018_merged__chunk_0002.wav,D03,259124,16.1925,8000,1,-15.255260115043555,0.0,0.2809556893623591,0.0037517369152385363,0.20142196558565373,395.60780774051193,0.25688821223396224,7.079195450019963e-09,0.002654257148368903,16.1925,0.0,D03,False,True,D03_J13_S000018_merged,2
C:\Users\SZ\Documents\his_voice\stt_finetuning_cleaned_v3\D03\D03_J13_S000019_merged__chunk_0001.wav,D03_J13_S000019_merged__chunk_0001.wav,D03,471188,29.4465,8000,1,-14.963222542820322,0.0,0.36916102083439456,0.002003633708590155,0.23927817940238824,470.0404098074219,0.24504221725383946,0.0,0.0005610841197388568,29.4465,0.0,D03,False,True,D03_J13_S000019_merged,1
C:\Users\SZ\Documents\his_voice\stt_finetuning_cleaned_v3\D03\D03_J13_S000019_merged__chunk_0002.wav,D03_J13_S000019_merged__chunk_0002.wav,D03,456326,28.517625,8000,1,-20.53389770905444,0.0,0.3131089983825792,0.00043832542155947417,0.16262821074778644,444.6045614993568,0.26193800500291514,0.0,0.0009030305248773598,28.517625,0.0,D03,False,True,D03_J13_S000019_merged,2
C:\Users\SZ\Documents\his_voice\stt_finetuning_cleaned_v3\D03\D03_J13_S000019_merged__chunk_0003.wav,D03_J13_S000019_merged__chunk_0003.wav,D03,342876,21.427,8000,1,-18.745627917638664,0.0,0.22739417557287533,0.00031502310169412425,0.10713181460198933,443.4350479365609,0.2066003299926525,1.0888470473274777e-11,0.005660508829692546,21.427,0.0,D03,False,True,D03_J13_S000019_merged,3
C:\Users\SZ\Documents\his_voice\stt_finetuning_cleaned_v3\D03\D03_J13_S000019_merged__chunk_0004.wav,D03_J13_S000019_merged__chunk_0004.wav,D03,472164,29.5075,8000,1,-23.607037961748972,-3.9064885797216564,0.31029399305261374,0.0,0.15547384340355588,443.0285306252284,0.24278934595239285,3.9644261426817826e-10,0.001677303751432102,29.5075,0.0,D03,False,True,D03_J13_S000019_merged,4
C:\Users\SZ\Documents\his_voice\stt_finetuning_cleaned_v3\D03\D03_J13_S000019_merged__chunk_0005.wav,D03_J13_S000019_merged__chunk_0005.wav,D03,436860,27.301,8000,1,-18.302537586159133,-0.00026507636037961915,0.22666294274934984,3.205010805465001e-05,0.15270572829625423,422.7481429920574,0.2397861252770906,0.0,0.001545483803488361,27.301,0.0,D03,False,True,D03_J13_S000019_merged,5
C:\Users\SZ\Documents\his_voice\stt_finetuning_cleaned_v3\D03\D03_J13_S000019_merged__chunk_0006.wav,D03_J13_S000019_merged__chunk_0006.wav,D03,458418,28.648375,8000,1,-21.17197180537563,0.0,0.35389005484604275,0.00023997870734378477,0.0982738910753711,499.96118013776584,0.2074465668591432,0.0,0.0011326680045863678,28.648375,0.0,D03,False,True,D03_J13_S000019_merged,6
C:\Users\SZ\Documents\his_voice\stt_finetuning_cleaned_v3\D03\D03_J13_S000019_merged__chunk_0007.wav,D03_J13_S000019_merged__chunk_0007.wav,D03,397572,24.8455,8000,1,-25.995006535416696,-4.037559330398018,0.35737859974643293,0.0,0.16081463853936598,508.45900511142264,0.22907202740508242,1.5645301367304284e-09,0.0014652595037371863,24.8455,0.0,D03,False,True,D03_J13_S000019_merged,7
C:\Users\SZ\Documents\his_voice\stt_finetuning_cleaned_v3\D03\D03_J13_S000019_merged__chunk_0008.wav,D03_J13_S000019_merged__chunk_0008.wav,D03,476262,29.763625,8000,1,-23.186209003508417,-0.8685047451887304,0.4344312898714454,0.0,0.19838896635140357,434.667547429454,0.23032784067974757,0.0,0.0011523671218720546,29.763625,0.0,D03,False,True,D03_J13_S000019_merged,8
C:\Users\SZ\Documents\his_voice\stt_finetuning_cleaned_v3\D03\D03_J13_S000019_merged__chunk_0009.wav,D03_J13_S000019_merged__chunk_0009.wav,D03,464518,29.029625,8000,1,-22.239856162552005,0.0,0.36681493474338717,8.611892161886349e-05,0.17473604436865947,461.20898071071366,0.24458310496322172,0.0,0.0009720947643629224,29.029625,0.0,D03,False,True,D03_J13_S000019_merged,9
C:\Users\SZ\Documents\his_voice\stt_finetuning_cleaned_v3\D03\D03_J13_S000019_merged__chunk_0010.wav,D03_J13_S000019_merged__chunk_0010.wav,D03,453184,28.32125,8000,1,-15.615332322626411,0.0,0.2899589530829324,0.003023348192611555,0.10640908509107601,514.041689774078,0.2257525720256609,1.0406643684542474e-09,0.0011605403964861317,28.32125,0.0,D03,False,True,D03_J13_S000019_merged,10
C:\Users\SZ\Documents\his_voice\stt_finetuning_cleaned_v3\D03\D03_J13_S000019_merged__chunk_0011.wav,D03_J13_S000019_merged__chunk_0011.wav,D03,410728,25.66775,8000,1,-20.141055940783694,0.0,0.3477125965462497,0.0009885946372393372,0.108726459888673,508.7289947490307,0.23088474477580245,3.6047240370395843e-10,0.002032449099746927,25.66775,0.0,D03,False,True,D03_J13_S000019_merged,11
C:\Users\SZ\Documents\his_voice\stt_finetuning_cleaned_v3\D03\D03_J13_S000019_merged__chunk_0012.wav,D03_J13_S000019_merged__chunk_0012.wav,D03,332908,20.804,8000,1,-20.849606754098787,-0.3615583831193646,0.42250288406075753,0.0,0.23976903341324632,598.0276818048408,0.3491052440067451,2.968009294512104e-08,0.0004662664085179394,20.804,0.0,D03,False,True,D03_J13_S000019_merged,12
C:\Users\SZ\Documents\his_voice\stt_finetuning_cleaned_v3\D03\D03_J13_S000019_merged__chunk_0013.wav,D03_J13_S000019_merged__chunk_0013.wav,D03,469570,29.345375,8000,1,-25.18786635824007,-4.219188143724605,0.5352802613699774,0.0,0.096340123188591,491.75957836020353,0.19519804947249605,0.0,0.0006252522400940233,29.345375,0.0,D03,False,True,D03_J13_S000019_merged,13
C:\Users\SZ\Documents\his_voice\stt_finetuning_cleaned_v3\D03\D03_J13_S000019_merged__chunk_0014.wav,D03_J13_S000019_merged__chunk_0014.wav,D03,417576,26.09575,8000,1,-19.355240875995825,0.0,0.35372139141431075,0.0013795349817499018,0.09502071707422222,476.5694570309877,0.22426184935511037,1.151000829163102e-10,0.001319683779401947,26.09575,0.0,D03,False,True,D03_J13_S000019_merged,14
C:\Users\SZ\Documents\his_voice\stt_finetuning_cleaned_v3\D03\D03_J13_S000019_merged__chunk_0015.wav,D03_J13_S000019_merged__chunk_0015.wav,D03,368246,23.012625,8000,1,-19.180489749898385,0.0,0.24203562175110402,2.7159005111324763e-05,0.106811515480717,453.64428359664754,0.16897874988721523,0.0,0.001528073110716967,23.012625,0.0,D03,False,True,D03_J13_S000019_merged,15
C:\Users\SZ\Documents\his_voice\stt_finetuning_cleaned_v3\D03\D03_J13_S000019_merged__chunk_0016.wav,D03_J13_S000019_merged__chunk_0016.wav,D03,458264,28.63875,8000,1,-15.647244807298913,0.0,0.2649906158613766,0.002003404478198245,0.1861733934502791,509.6361043847763,0.27394453802345353,0.0,0.0017016012249553604,28.63875,0.0,D03,False,True,D03_J13_S000019_merged,16
C:\Users\SZ\Documents\his_voice\stt_finetuning_cleaned_v3\D03\D03_J13_S000019_merged__chunk_0017.wav,D03_J13_S000019_merged__chunk_0017.wav,D03,326806,20.422625,8000,1,-20.498064782172637,-2.869918156391731,0.23726749132396055,0.0,0.10684906353286816,514.5780113993325,0.16635303827127493,0.0,0.002123734732471216,20.422625,0.0,D03,False,True,D03_J13_S000019_merged,17
C:\Users\SZ\Documents\his_voice\stt_finetuning_cleaned_v3\D03\D03_J13_S000019_merged__chunk_0018.wav,D03_J13_S000019_merged__chunk_0018.wav,D03,280100,17.5035,8000,1,-21.221168913185302,-0.7558676082557846,0.35458622561202047,0.0,0.10033065051740021,522.7312790678168,0.1726882446625539,5.677520005365287e-10,0.001672058492743439,17.5035,0.0,D03,False,True,D03_J13_S000019_merged,18
C:\Users\SZ\Documents\his_voice\stt_finetuning_cleaned_v3\D03\D03_J13_S000020_merged__chunk_0001.wav,D03_J13_S000020_merged__chunk_0001.wav,D03,478240,29.88725,8000,1,-20.46861419874987,0.0,0.3792712611565132,7.946532384210659e-05,0.23056332785438546,453.4088305138753,0.26150461525565355,0.0,0.0008926610855576081,29.88725,0.0,D03,False,True,D03_J13_S000020_merged,1
C:\Users\SZ\Documents\his_voice\stt_finetuning_cleaned_v3\D03\D03_J13_S000020_merged__chunk_0002.wav,D03_J13_S000020_merged__chunk_0002.wav,D03,415722,25.979875,8000,1,-18.668386513478296,0.0,0.24901005104912938,0.00016839957851991205,0.09906273155053455,445.0231738685789,0.24845422941580086,0.0,0.004043552984833134,25.979875,0.0,D03,False,True,D03_J13_S000020_merged,2
C:\Users\SZ\Documents\his_voice\stt_finetuning_cleaned_v3\D03\D03_J13_S000020_merged__chunk_0003.wav,D03_J13_S000020_merged__chunk_0003.wav,D03,198438,12.399625,8000,1,-23.607443812925688,-0.380369795510357,0.3894170186598385,0.0,0.2027400298399129,440.81615587343106,0.27591174604495766,0.0,0.0029124739356926705,12.399625,0.0,D03,False,True,D03_J13_S000020_merged,3
C:\Users\SZ\Documents\his_voice\stt_finetuning_cleaned_v3\D03\D03_J13_S000021_merged__chunk_0001.wav,D03_J13_S000021_merged__chunk_0001.wav,D03,391680,24.47725,8000,1,-18.648183622821026,0.0,0.33591906770572677,5.106782828953416e-06,0.1040410178891516,437.96676377496243,0.10423577467339107,0.0,0.009030576777865739,24.47725,0.0,D03,False,True,D03_J13_S000021_merged,1
C:\Users\SZ\Documents\his_voice\stt_finetuning_cleaned_v3\D03\D03_J13_S000021_merged__chunk_0002.wav,D03_J13_S000021_merged__chunk_0002.wav,D03,428390,26.771625,8000,1,-23.39418701818973,-4.799546677805978,0.3105573531677662,0.0,0.16773901350316567,551.8290811559904,0.233006839749451,0.0,0.005699456078673765,26.771625,0.0,D03,False,True,D03_J13_S000021_merged,2
C:\Users\SZ\Documents\his_voice\stt_finetuning_cleaned_v3\D03\D03_J13_S000021_merged__chunk_0003.wav,D03_J13_S000021_merged__chunk_0003.wav,D03,363858,22.738375,8000,1,-18.39933314935072,0.0,0.3307019520964009,0.0007916132969044622,0.1954306070168109,504.64005586131003,0.23488109061227266,0.0,0.001291210696685313,22.738375,0.0,D03,False,True,D03_J13_S000021_merged,3
C:\Users\SZ\Documents\his_voice\stt_finetuning_cleaned_v3\D03\D03_J13_S000021_merged__chunk_0004.wav,D03_J13_S000021_merged__chunk_0004.wav,D03,458188,28.634,8000,1,-21.157023150580265,0.0,0.3270718376754907,0.00017025214779632604,0.10262756961815332,435.84560154547114,0.13275203622286796,1.3217632060115387e-10,0.0007371068555605973,28.634,0.0,D03,False,True,D03_J13_S000021_merged,4
C:\Users\SZ\Documents\his_voice\stt_finetuning_cleaned_v3\D03\D03_J13_S000021_merged__chunk_0005.wav,D03_J13_S000021_merged__chunk_0005.wav,D03,431550,26.969125,8000,1,-25.995367880222055,-3.2395221211330396,0.4166060263356709,0.0,0.18263561867329156,419.7419960032292,0.21551797658441824,0.0,0.0018169495647282659,26.969125,0.0,D03,False,True,D03_J13_S000021_merged,5
C:\Users\SZ\Documents\his_voice\stt_finetuning_cleaned_v3\D03\D03_J13_S000021_merged__chunk_0006.wav,D03_J13_S000021_merged__chunk_0006.wav,D03,196120,12.25475,8000,1,-23.186225814285898,-2.0503845286024522,0.3519145637405904,0.0,0.19090751450982793,486.32994846890495,0.23155414316954537,1.800755055671763e-08,0.0032727379956245255,12.25475,0.0,D03,False,True,D03_J13_S000021_merged,6
C:\Users\SZ\Documents\his_voice\stt_finetuning_cleaned_v3\D03\D03_J13_S000022_merged__chunk_0001.wav,D03_J13_S000022_merged__chunk_0001.wav,D03,376270,23.514125,8000,1,-23.607613413359122,-1.1495450888702183,0.45198364812639213,0.0,0.21485072722633325,423.37285115181703,0.20499477063672472,0.0,0.0008339830722279306,23.514125,0.0,D03,False,True,D03_J13_S000022_merged,1
C:\Users\SZ\Documents\his_voice\stt_finetuning_cleaned_v3\D03\D03_J13_S000022_merged__chunk_0002.wav,D03_J13_S000022_merged__chunk_0002.wav,D03,328408,20.52275,8000,1,-18.69295740089462,0.0,0.3742127638839824,0.0017541508813390019,0.2177170318124509,447.31763703370154,0.2664676157595197,1.2173504107736818e-09,0.0017039317014044012,20.52275,0.0,D03,False,True,D03_J13_S000022_merged,2
C:\Users\SZ\Documents\his_voice\stt_finetuning_cleaned_v3\D03\D03_J13_S000022_merged__chunk_0003.wav,D03_J13_S000022_merged__chunk_0003.wav,D03,466910,29.179125,8000,1,-21.14126470072407,0.0,0.40721748852989936,3.4271075640547825e-05,0.09510692621405806,428.35281935709156,0.17306098295169756,0.0,0.0006568514748606121,29.179125,0.0,D03,False,True,D03_J13_S000022_merged,3
C:\Users\SZ\Documents\his_voice\stt_finetuning_cleaned_v3\D03\D03_J13_S000022_merged__chunk_0004.wav,D03_J13_S000022_merged__chunk_0004.wav,D03,383414,23.960625,8000,1,-25.99560792472409,-2.5790193881812957,0.4631556981506117,0.0,0.1958535923707769,458.6050376664668,0.2626071862172761,0.0,0.0011698800283407786,23.960625,0.0,D03,False,True,D03_J13_S000022_merged,4
C:\Users\SZ\Documents\his_voice\stt_finetuning_cleaned_v3\D03\D03_J13_S000022_merged__chunk_0005.wav,D03_J13_S000022_merged__chunk_0005.wav,D03,60142,3.756125,8000,1,-23.186127751875915,-1.1510581255486771,0.5455090019634596,0.0,0.2715322151224707,368.75710111368295,0.28778397935521305,0.0,0.004680098430024596,3.756125,0.0,D03,False,True,D03_J13_S000022_merged,5
C:\Users\SZ\Documents\his_voice\stt_finetuning_cleaned_v3\D03\D03_J13_S000023_merged__chunk_0001.wav,D03_J13_S000023_merged__chunk_0001.wav,D03,462042,28.874875,8000,1,-18.401354452973838,0.0,0.4263784691708622,0.0009480560521907021,0.2390020692819851,527.5176278342244,0.23299940593799576,0.0,0.000807831565353113,28.874875,0.0,D03,False,True,D03_J13_S000023_merged,1
C:\Users\SZ\Documents\his_voice\stt_finetuning_cleaned_v3\D03\D03_J13_S000023_merged__chunk_0002.wav,D03_J13_S000023_merged__chunk_0002.wav,D03,357958,22.369625,8000,1,-21.39146668381707,0.0,0.4990472571623351,0.0009499488703990344,0.08773106238404971,516.1850840314369,0.27380905539147204,0.0,0.0012321511951772395,22.369625,0.0,D03,False,True,D03_J13_S000023_merged,2
C:\Users\SZ\Documents\his_voice\stt_finetuning_cleaned_v3\D03\D03_J13_S000023_merged__chunk_0003.wav,D03_J13_S000023_merged__chunk_0003.wav,D03,409310,25.579125,8000,1,-25.997769269270773,0.0,0.536853782136801,2.932078403776517e-05,0.2448981586457641,524.6901811600056,0.24469401392645818,0.0,0.001199721431876123,25.579125,0.0,D03,False,True,D03_J13_S000023_merged,3
C:\Users\SZ\Documents\his_voice\stt_finetuning_cleaned_v3\D03\D03_J13_S000023_merged__chunk_0004.wav,D03_J13_S000023_merged__chunk_0004.wav,D03,339588,21.2215,8000,1,-23.012680336204575,0.0,0.5001472563202413,9.424404495440945e-05,0.23813843353694095,598.9554545037378,0.2876746658582247,2.5534357443812935e-09,0.008213904929648314,21.2215,0.0,D03,False,True,D03_J13_S000023_merged,4
C:\Users\SZ\Documents\his_voice\stt_finetuning_cleaned_v3\D03\D03_J13_S000023_merged__chunk_0005.wav,D03_J13_S000023_merged__chunk_0005.wav,D03,392178,24.508375,8000,1,-22.262652464469195,0.0,0.5134928366323757,0.00021421248858808468,0.24172472534758704,485.36523286017376,0.25719181277932923,0.0,0.0006361455094902002,24.508375,0.0,D03,False,True,D03_J13_S000023_merged,5
C:\Users\SZ\Documents\his_voice\stt_finetuning_cleaned_v3\D03\D03_J13_S000023_merged__chunk_0006.wav,D03_J13_S000023_merged__chunk_0006.wav,D03,353426,22.086375,8000,1,-16.151008081770094,0.0,0.45718797222269386,0.005320021959239576,0.08750919689852284,495.6204654386098,0.33162559900557187,0.0,0.0012987170189617178,22.086375,0.0,D03,False,True,D03_J13_S000023_merged,6
C:\Users\SZ\Documents\his_voice\stt_finetuning_cleaned_v3\D03\D03_J13_S000023_merged__chunk_0007.wav,D03_J13_S000023_merged__chunk_0007.wav,D03,401680,25.10225,8000,1,-20.078592111834116,0.0,0.4240058162116942,0.00070710792857214,0.09748178690051142,578.4075595085345,0.29483649526044037,3.2066295704277976e-09,0.0010153191028692459,25.10225,0.0,D03,False,True,D03_J13_S000023_merged,7
C:\Users\SZ\Documents\his_voice\stt_finetuning_cleaned_v3\D03\D03_J13_S000023_merged__chunk_0008.wav,D03_J13_S000023_merged__chunk_0008.wav,D03,421012,26.3105,8000,1,-20.968855248648893,0.0,0.44281275536382814,0.0005273559985557097,0.232356057258781,590.1301347557526,0.2611185023581766,2.123546180121341e-08,0.001114416144513644,26.3105,0.0,D03,False,True,D03_J13_S000023_merged,8
C:\Users\SZ\Documents\his_voice\stt_finetuning_cleaned_v3\D03\D03_J13_S000023_merged__chunk_0009.wav,D03_J13_S000023_merged__chunk_0009.wav,D03,407316,25.4545,8000,1,-25.193058071033818,0.0,0.5328674694061953,2.9464338329175586e-05,0.09017605028605102,595.3512760319293,0.206303661678066,1.8883418337793469e-10,0.0008166836403191395,25.4545,0.0,D03,False,True,D03_J13_S000023_merged,9
C:\Users\SZ\Documents\his_voice\stt_finetuning_cleaned_v3\D03\D03_J13_S000023_merged__chunk_0010.wav,D03_J13_S000023_merged__chunk_0010.wav,D03,335080,20.93975,8000,1,-19.282674893178104,0.0,0.4473668501295383,0.0010386943492639597,0.09176382098533283,559.661769971742,0.2657799458819236,4.520322407091246e-09,0.0022236371988186756,20.93975,0.0,D03,False,True,D03_J13_S000023_merged,10
C:\Users\SZ\Documents\his_voice\stt_finetuning_cleaned_v3\D03\D03_J13_S000023_merged__chunk_0011.wav,D03_J13_S000023_merged__chunk_0011.wav,D03,361432,22.58675,8000,1,-19.192570835158442,0.0,0.2755929914662357,0.00014388966982854993,0.09859264055608132,535.6292300080148,0.17082585896500357,5.82773383854893e-11,0.0012280952287336577,22.58675,0.0,D03,False,True,D03_J13_S000023_merged,11
C:\Users\SZ\Documents\his_voice\stt_finetuning_cleaned_v3\D03\D03_J13_S000023_merged__chunk_0012.wav,D03_J13_S000023_merged__chunk_0012.wav,D03,375972,23.4955,8000,1,-15.708095432930623,0.0,0.40649273265093316,0.001856738524398289,0.2538637923421099,495.2715525437439,0.2894876261546808,2.5337517597958777e-09,0.0008063266309267366,23.4955,0.0,D03,False,True,D03_J13_S000023_merged,12
C:\Users\SZ\Documents\his_voice\stt_finetuning_cleaned_v3\D03\D03_J13_S000023_merged__chunk_0013.wav,D03_J13_S000023_merged__chunk_0013.wav,D03,400280,25.01475,8000,1,-20.5032344881084,0.0,0.33451263754384913,4.9970517394737105e-05,0.10324959898459402,593.550693353021,0.1704007320736882,5.094097520309273e-11,0.0012461336225125046,25.01475,0.0,D03,False,True,D03_J13_S000023_merged,13
C:\Users\SZ\Documents\his_voice\stt_finetuning_cleaned_v3\D03\D03_J13_S000023_merged__chunk_0014.wav,D03_J13_S000023_merged__chunk_0014.wav,D03,424602,26.534875,8000,1,-21.28254328902947,0.0,0.3268151819068302,0.00021669595202540053,0.10688813725397828,645.1064225332618,0.2346905482671043,0.0,0.0028144276890517956,26.534875,0.0,D03,False,True,D03_J13_S000023_merged,14
C:\Users\SZ\Documents\his_voice\stt_finetuning_cleaned_v3\D03\D03_J13_S000023_merged__chunk_0015.wav,D03_J13_S000023_merged__chunk_0015.wav,D03,332616,20.78575,8000,1,-18.198742331392275,0.0,0.44970111735203205,0.0013711316647222257,0.25845385933788373,654.7564465699153,0.29861610955149503,4.980630654624971e-08,0.0009439548123821396,20.78575,0.0,D03,False,True,D03_J13_S000023_merged,15
C:\Users\SZ\Documents\his_voice\stt_finetuning_cleaned_v3\D03\D03_J13_S000023_merged__chunk_0016.wav,D03_J13_S000023_merged__chunk_0016.wav,D03,329094,20.565625,8000,1,-23.003173931334405,-1.958568423108431,0.41793648381704906,0.0,0.10324937395152076,586.629934211175,0.10152082284932601,0.0,0.0009428445800803081,20.565625,0.0,D03,False,True,D03_J13_S000023_merged,16
C:\Users\SZ\Documents\his_voice\stt_finetuning_cleaned_v3\D03\D03_J13_S000023_merged__chunk_0017.wav,D03_J13_S000023_merged__chunk_0017.wav,D03,432678,27.039625,8000,1,-19.607492716790695,0.0,0.4445420378426106,0.0006333297891520316,0.24600122043676842,654.1941556053581,0.26677904311182754,0.0,0.0008205264556768301,27.039625,0.0,D03,False,True,D03_J13_S000023_merged,17
C:\Users\SZ\Documents\his_voice\stt_finetuning_cleaned_v3\D03\D03_J13_S000023_merged__chunk_0018.wav,D03_J13_S000023_merged__chunk_0018.wav,D03,232878,14.552125,8000,1,-17.82665160768515,0.0,0.48215466813266106,0.0017437315855931693,0.08807208631115998,591.0543230322336,0.2857275659076111,0.0,0.002987927650398683,14.552125,0.0,D03,False,True,D03_J13_S000023_merged,18
C:\Users\SZ\Documents\his_voice\stt_finetuning_cleaned_v3\D03\D03_J13_S000024_merged__chunk_0001.wav,D03_J13_S000024_merged__chunk_0001.wav,D03,339712,21.22925,8000,1,-21.137873426613176,-0.8541621719702612,0.4027933158260419,0.0,0.10317193949350244,438.20316717123904,0.13019948722883723,1.3020317731941946e-11,0.0016231616911313203,21.22925,0.0,D03,False,True,D03_J13_S000024_merged,1
C:\Users\SZ\Documents\his_voice\stt_finetuning_cleaned_v3\D03\D03_J13_S000024_merged__chunk_0002.wav,D03_J13_S000024_merged__chunk_0002.wav,D03,461050,28.812875,8000,1,-25.995520811033064,-2.852967197579623,0.4423977128280326,0.0,0.2033735065205508,439.38786406841524,0.21388700184821802,0.0,0.0010878049294138455,28.812875,0.0,D03,False,True,D03_J13_S000024_merged,2
C:\Users\SZ\Documents\his_voice\stt_finetuning_cleaned_v3\D03\D03_J13_S000024_merged__chunk_0003.wav,D03_J13_S000024_merged__chunk_0003.wav,D03,266046,16.625125,8000,1,-23.1863939238502,-1.5946589347776636,0.35705746573334035,0.0,0.20808270676691729,538.0942041081547,0.22769732464116849,0.0,0.001214798764331411,16.625125,0.0,D03,False,True,D03_J13_S000024_merged,3
C:\Users\SZ\Documents\his_voice\stt_finetuning_cleaned_v3\D03\D03_J13_S000025_merged__chunk_0001.wav,D03_J13_S000025_merged__chunk_0001.wav,D03,433660,27.101,8000,1,-25.995179462840802,-3.1278541464965754,0.3953959263495812,0.0,0.18061686200168814,441.7282030449458,0.2514705698759199,4.00212186920866e-09,0.0008761865224682996,27.101,0.0,D03,False,True,D03_J13_S000025_merged,1
C:\Users\SZ\Documents\his_voice\stt_finetuning_cleaned_v3\D03\D03_J13_S000025_merged__chunk_0002.wav,D03_J13_S000025_merged__chunk_0002.wav,D03,343628,21.474,8000,1,-23.185801819058888,-4.444400190003034,0.2859679146875291,0.0,0.15816311681054304,522.6649764517331,0.212179321755752,1.6010665735292175e-09,0.003882932645092184,21.474,0.0,D03,False,True,D03_J13_S000025_merged,2
C:\Users\SZ\Documents\his_voice\stt_finetuning_cleaned_v3\D03\D03_J13_S000025_merged__chunk_0003.wav,D03_J13_S000025_merged__chunk_0003.wav,D03,405830,25.361625,8000,1,-22.23627229953592,0.0,0.3313125637651373,1.4786118791678372e-05,0.16650730437868422,409.4553959475729,0.23753886508929342,0.0,0.0012754904606994803,25.361625,0.0,D03,False,True,D03_J13_S000025_merged,3
C:\Users\SZ\Documents\his_voice\stt_finetuning_cleaned_v3\D03\D03_J13_S000025_merged__chunk_0004.wav,D03_J13_S000025_merged__chunk_0004.wav,D03,361206,22.572625,8000,1,-15.628009077273532,0.0,0.216335051860384,0.0019880275333506846,0.11150182744489977,516.1161171498856,0.2625667761422704,0.0,0.0022762850945222566,22.572625,0.0,D03,False,True,D03_J13_S000025_merged,4
C:\Users\SZ\Documents\his_voice\stt_finetuning_cleaned_v3\D03\D03_J13_S000025_merged__chunk_0005.wav,D03_J13_S000025_merged__chunk_0005.wav,D03,420986,26.308875,8000,1,-19.925541191201887,0.0,0.30395636453478153,1.9004993562058432e-05,0.10567776880315484,478.9706652024699,0.2153880912339777,0.0,0.0017384092246814167,26.308875,0.0,D03,False,True,D03_J13_S000025_merged,5
C:\Users\SZ\Documents\his_voice\stt_finetuning_cleaned_v3\D03\D03_J13_S000025_merged__chunk_0006.wav,D03_J13_S000025_merged__chunk_0006.wav,D03,254838,15.924625,8000,1,-20.85016912784573,-0.937326361978239,0.3522139453833293,0.0,0.21939464347389243,558.5317812410273,0.2575875288096978,0.0,0.0013602524520665985,15.924625,0.0,D03,False,True,D03_J13_S000025_merged,6
C:\Users\SZ\Documents\his_voice\stt_finetuning_cleaned_v3\D03\D03_J13_S000026_merged__chunk_0001.wav,D03_J13_S000026_merged__chunk_0001.wav,D03,418960,26.18225,8000,1,-23.00779225051126,-2.0423327183961333,0.31035338826876985,0.0,0.17618413325885504,522.9682480907467,0.2296434976393797,4.0192863434671653e-10,0.002323726886568531,26.18225,0.0,D03,False,True,D03_J13_S000026_merged,1
C:\Users\SZ\Documents\his_voice\stt_finetuning_cleaned_v3\D03\D03_J13_S000026_merged__chunk_0002.wav,D03_J13_S000026_merged__chunk_0002.wav,D03,325786,20.358875,8000,1,-22.073132621117935,-0.6959269223269675,0.297229095419074,0.0,0.19836679560385584,561.4158017528562,0.2359071720570665,0.0,0.005960888251547957,20.358875,0.0,D03,False,True,D03_J13_S000026_merged,2
C:\Users\SZ\Documents\his_voice\stt_finetuning_cleaned_v3\D03\D03_J13_S000027_merged__chunk_0001.wav,D03_J13_S000027_merged__chunk_0001.wav,D03,451192,28.19675,8000,1,-22.090754110739187,-0.00026507636037961915,0.3663808772287586,2.216567512213287e-05,0.20689089563023944,352.5925784130079,0.2856218816668445,3.4800571109971994e-11,0.002751563377504676,28.19675,0.0,D03,False,True,D03_J13_S000027_merged,1
C:\Users\SZ\Documents\his_voice\stt_finetuning_cleaned_v3\D03\D03_J13_S000027_merged__chunk_0002.wav,D03_J13_S000027_merged__chunk_0002.wav,D03,108186,6.758875,8000,1,-15.317532351329177,0.0,0.5404005844167853,0.0004993434558265983,0.05557610504901054,320.2855388461782,0.27452647648466283,0.0,0.00346009151042213,6.758875,0.0,D03,False,True,D03_J13_S000027_merged,2
C:\Users\SZ\Documents\his_voice\stt_finetuning_cleaned_v3\D03\D03_J13_S000028_merged__chunk_0001.wav,D03_J13_S000028_merged__chunk_0001.wav,D03,349162,21.819875,8000,1,-15.609192930989424,0.0,0.3167295871309987,0.0027956163818537,0.10004124703536933,510.0405438602774,0.29725209818242027,0.0,0.001493626534263608,21.819875,0.0,D03,False,True,D03_J13_S000028_merged,1
C:\Users\SZ\Documents\his_voice\stt_finetuning_cleaned_v3\D03\D03_J13_S000028_merged__chunk_0002.wav,D03_J13_S000028_merged__chunk_0002.wav,D03,460630,28.786625,8000,1,-20.042515972927426,0.0,0.26457599666511794,0.00043422943815052997,0.09679884668160423,520.7592979568795,0.28130478929080416,0.0,0.0008924041406848587,28.786625,0.0,D03,False,True,D03_J13_S000028_merged,2
C:\Users\SZ\Documents\his_voice\stt_finetuning_cleaned_v3\D03\D03_J13_S000028_merged__chunk_0003.wav,D03_J13_S000028_merged__chunk_0003.wav,D03,431980,26.996,8000,1,-20.974891455772607,0.0,0.35501092754482144,0.0004167284042080308,0.2092588219496497,593.3545723592348,0.2525422911706473,0.0,0.0016958291141038978,26.996,0.0,D03,False,True,D03_J13_S000028_merged,3
C:\Users\SZ\Documents\his_voice\stt_finetuning_cleaned_v3\D03\D03_J13_S000028_merged__chunk_0004.wav,D03_J13_S000028_merged__chunk_0004.wav,D03,441130,27.567875,8000,1,-25.187879881952284,-2.1877377780428584,0.38182576640383054,0.0,0.09179657389522178,483.13310582622387,0.2274153368739249,0.0,0.001278773697038478,27.567875,0.0,D03,False,True,D03_J13_S000028_merged,4
C:\Users\SZ\Documents\his_voice\stt_finetuning_cleaned_v3\D03\D03_J13_S000028_merged__chunk_0005.wav,D03_J13_S000028_merged__chunk_0005.wav,D03,458032,28.62425,8000,1,-19.16191388462619,0.0,0.3595596391171821,0.00024454789208450876,0.0932866943531025,525.6274708205679,0.2084113998661217,1.671073312799063e-13,0.0010856598568587774,28.62425,0.0,D03,False,True,D03_J13_S000028_merged,5
C:\Users\SZ\Documents\his_voice\stt_finetuning_cleaned_v3\D03\D03_J13_S000028_merged__chunk_0006.wav,D03_J13_S000028_merged__chunk_0006.wav,D03,380882,23.802375,8000,1,-19.372677022680453,0.0,0.30840934990730967,0.0004883966410914877,0.10435988194393388,563.723068294349,0.2891879160640996,0.0,0.0008279451352643496,23.802375,0.0,D03,False,True,D03_J13_S000028_merged,6
C:\Users\SZ\Documents\his_voice\stt_finetuning_cleaned_v3\D03\D03_J13_S000028_merged__chunk_0007.wav,D03_J13_S000028_merged__chunk_0007.wav,D03,381794,23.859375,8000,1,-15.967010708286253,0.0,0.2161676489849378,0.0012678454485920104,0.17666628246906335,561.8414964792793,0.27447010692729906,0.0,0.0015377301659179768,23.859375,0.0,D03,False,True,D03_J13_S000028_merged,7
C:\Users\SZ\Documents\his_voice\stt_finetuning_cleaned_v3\D03\D03_J13_S000028_merged__chunk_0008.wav,D03_J13_S000028_merged__chunk_0008.wav,D03,333710,20.854125,8000,1,-20.520854878802133,0.0,0.2755150359940779,0.0001378624133115151,0.10738347559221252,499.5708167631451,0.17120512060917936,0.0,0.002008875733125248,20.854125,0.0,D03,False,True,D03_J13_S000028_merged,8
C:\Users\SZ\Documents\his_voice\stt_finetuning_cleaned_v3\D03\D03_J13_S000028_merged__chunk_0009.wav,D03_J13_S000028_merged__chunk_0009.wav,D03,340000,21.24725,8000,1,-21.224592871635473,0.0,0.35731094612243935,4.118179999764675e-05,0.11912199885866911,622.7352766013581,0.267059073498106,4.103446960704468e-09,0.0014158823790833166,21.24725,0.0,D03,False,True,D03_J13_S000028_merged,9
C:\Users\SZ\Documents\his_voice\stt_finetuning_cleaned_v3\D03\D03_J13_S000028_merged__chunk_0010.wav,D03_J13_S000028_merged__chunk_0010.wav,D03,379344,23.70625,8000,1,-18.374052527037463,0.0,0.2311415765884524,0.0011125757975217507,0.17726431460223888,568.5661201931912,0.3122095670904243,4.770753646453082e-08,0.0010719491536288336,23.70625,0.0,D03,False,True,D03_J13_S000028_merged,10
C:\Users\SZ\Documents\his_voice\stt_finetuning_cleaned_v3\D03\D03_J13_S000029_merged__chunk_0001.wav,D03_J13_S000029_merged__chunk_0001.wav,D03,441570,27.595375,8000,1,-19.92822680824692,0.0,0.2039608086500002,7.247591308326124e-05,0.1030023282992544,519.3850371111405,0.2549697793620245,0.0,0.000961609289589179,27.595375,0.0,D03,False,True,D03_J13_S000029_merged,1
C:\Users\SZ\Documents\his_voice\stt_finetuning_cleaned_v3\D03\D03_J13_S000029_merged__chunk_0002.wav,D03_J13_S000029_merged__chunk_0002.wav,D03,465440,29.08725,8000,1,-20.85056309662551,-0.00026507636037961915,0.25375379246920904,1.289224660289302e-05,0.16080568292672445,534.1398529736829,0.2852136441230964,8.514590286697755e-09,0.0010074322257108128,29.08725,0.0,D03,False,True,D03_J13_S000029_merged,2
C:\Users\SZ\Documents\his_voice\stt_finetuning_cleaned_v3\D03\D03_J13_S000029_merged__chunk_0003.wav,D03_J13_S000029_merged__chunk_0003.wav,D03,456928,28.55525,8000,1,-25.187876942013055,-5.01311431105125,0.3824646956339027,0.0,0.1060229993740178,549.0318566782581,0.21513921709009848,0.0,0.002009620411065574,28.55525,0.0,D03,False,True,D03_J13_S000029_merged,3
C:\Users\SZ\Documents\his_voice\stt_finetuning_cleaned_v3\D03\D03_J13_S000029_merged__chunk_0004.wav,D03_J13_S000029_merged__chunk_0004.wav,D03,343784,21.48375,8000,1,-19.1428616692772,0.0,0.2540292081224181,0.00011636702158608251,0.10879797985675137,491.25095472854764,0.1863073875208373,5.89657803280396e-11,0.0017492021978669427,21.48375,0.0,D03,False,True,D03_J13_S000029_merged,4
C:\Users\SZ\Documents\his_voice\stt_finetuning_cleaned_v3\D03\D03_J13_S000029_merged__chunk_0005.wav,D03_J13_S000029_merged__chunk_0005.wav,D03,326480,20.40225,8000,1,-19.18339224951575,0.0,0.2574532220710951,7.352130279748557e-05,0.10467046937512636,556.1935457158727,0.13032365015623512,6.589785804672898e-11,0.0011987989704256709,20.40225,0.0,D03,False,True,D03_J13_S000029_merged,5
C:\Users\SZ\Documents\his_voice\stt_finetuning_cleaned_v3\D03\D03_J13_S000029_merged__chunk_0006.wav,D03_J13_S000029_merged__chunk_0006.wav,D03,127684,7.9775,8000,1,-15.567617874812704,0.0,0.1175023503603886,0.00104982764023817,0.13785863144204705,483.7836817987757,0.27307235677295466,2.2867125641728263e-10,0.002545428670443195,7.9775,0.0,D03,False,True,D03_J13_S000029_merged,6
C:\Users\SZ\Documents\his_voice\stt_finetuning_cleaned_v3\D03\D03_J13_S000030_merged__chunk_0001.wav,D03_J13_S000030_merged__chunk_0001.wav,D03,320612,20.0355,8000,1,-20.95883673648745,0.0,0.4920578473210052,0.0004928751466147588,0.2094233324806748,463.22964071357796,0.2085334760149616,8.412162919100564e-10,0.0009359183244042176,20.0355,0.0,D03,False,True,D03_J13_S000030_merged,1
C:\Users\SZ\Documents\his_voice\stt_finetuning_cleaned_v3\D03\D03_J13_S000030_merged__chunk_0002.wav,D03_J13_S000030_merged__chunk_0002.wav,D03,439888,27.49025,8000,1,-25.22750467375827,0.0,0.4732996244122916,0.00011367666718200089,0.08453944825641935,494.2440394848909,0.18264335327873393,2.9826528072642124e-10,0.000538374907453092,27.49025,0.0,D03,False,True,D03_J13_S000030_merged,2
C:\Users\SZ\Documents\his_voice\stt_finetuning_cleaned_v3\D03\D03_J13_S000030_merged__chunk_0003.wav,D03_J13_S000030_merged__chunk_0003.wav,D03,223304,13.95375,8000,1,-19.771911105816258,0.0,0.4023291229956105,0.0025172444683328856,0.08020317301059761,498.61898778125567,0.27760405654362336,4.19480852290163e-09,0.0018653207749612646,13.95375,0.0,D03,False,True,D03_J13_S000030_merged,3
C:\Users\SZ\Documents\his_voice\stt_finetuning_cleaned_v3\D03\D03_J13_S000031_merged__chunk_0001.wav,D03_J13_S000031_merged__chunk_0001.wav,D03,434158,27.132125,8000,1,-25.187868122201337,-0.16024748502940134,0.4718576226521144,0.0,0.08108506560518944,476.5969295634912,0.17927996148087047,0.0,0.0007637653793663472,27.132125,0.0,D03,False,True,D03_J13_S000031_merged,1
C:\Users\SZ\Documents\his_voice\stt_finetuning_cleaned_v3\D03\D03_J13_S000031_merged__chunk_0002.wav,D03_J13_S000031_merged__chunk_0002.wav,D03,244044,15.25,8000,1,-19.194105376598532,0.0,0.25801639344262295,0.000540983606557377,0.09459913605849228,532.7999300354668,0.2789838925060328,3.534243140584589e-11,0.0014193456502590125,15.25,0.0,D03,False,True,D03_J13_S000031_merged,2
C:\Users\SZ\Documents\his_voice\stt_finetuning_cleaned_v3\D03\D03_J13_S000032_merged__chunk_0001.wav,D03_J13_S000032_merged__chunk_0001.wav,D03,385218,24.073375,8000,1,-19.169763396757006,0.0,0.3087799280325256,0.0003478947177119951,0.0938905216370868,506.92479976037737,0.22170066642073957,0.0,0.0014424122034414507,24.073375,0.0,D03,False,True,D03_J13_S000032_merged,1
C:\Users\SZ\Documents\his_voice\stt_finetuning_cleaned_v3\D03\D03_J13_S000032_merged__chunk_0002.wav,D03_J13_S000032_merged__chunk_0002.wav,D03,397502,24.841125,8000,1,-19.301059676820348,0.0,0.33932138741703527,0.000528357713267817,0.10344289682379937,635.0344801650093,0.23572471269075945,0.0,0.0014167073585874932,24.841125,0.0,D03,False,True,D03_J13_S000032_merged,2
C:\Users\SZ\Documents\his_voice\stt_finetuning_cleaned_v3\D03\D03_J13_S000032_merged__chunk_0003.wav,D03_J13_S000032_merged__chunk_0003.wav,D03,429440,26.83725,8000,1,-15.704674517368616,0.0,0.2195921713290296,0.00207733653783454,0.17179560031113617,529.7576341635461,0.32820138261636783,2.595839299768134e-09,0.0009397238995303353,26.83725,0.0,D03,False,True,D03_J13_S000032_merged,3
C:\Users\SZ\Documents\his_voice\stt_finetuning_cleaned_v3\D03\D03_J13_S000032_merged__chunk_0004.wav,D03_J13_S000032_merged__chunk_0004.wav,D03,393462,24.588625,8000,1,-20.503807108671054,0.0,0.36243893263653415,7.625477227783172e-05,0.10292413119954451,578.869084252895,0.23810502435081626,0.0,0.0012571698242617047,24.588625,0.0,D03,False,True,D03_J13_S000032_merged,4
C:\Users\SZ\Documents\his_voice\stt_finetuning_cleaned_v3\D03\D03_J13_S000032_merged__chunk_0005.wav,D03_J13_S000032_merged__chunk_0005.wav,D03,459176,28.69575,8000,1,-21.224329098394644,0.0,0.34985145883972363,2.17802287795231e-05,0.10654934332324179,577.7061479346144,0.34460652990434687,2.613629933158622e-09,0.0006981300752707198,28.69575,0.0,D03,False,True,D03_J13_S000032_merged,5
C:\Users\SZ\Documents\his_voice\stt_finetuning_cleaned_v3\D03\D03_J13_S000032_merged__chunk_0006.wav,D03_J13_S000032_merged__chunk_0006.wav,D03,357222,22.323625,8000,1,-18.12753417387124,0.0,0.2698206496480746,0.0006831327797344742,0.16961385983380742,552.4564316912775,0.35309297502076253,0.0,0.000556733869631067,22.323625,0.0,D03,False,True,D03_J13_S000032_merged,6
C:\Users\SZ\Documents\his_voice\stt_finetuning_cleaned_v3\D03\D03_J13_S000033_merged__chunk_0001.wav,D03_J13_S000033_merged__chunk_0001.wav,D03,352500,22.0285,8000,1,-19.20000721752021,0.0,0.3238475157182741,0.00022697868670131874,0.12405023066839928,661.6935184771976,0.2556663417002429,0.0,0.0007761572780517104,22.0285,0.0,D03,False,True,D03_J13_S000033_merged,1
C:\Users\SZ\Documents\his_voice\stt_finetuning_cleaned_v3\D03\D03_J13_S000033_merged__chunk_0002.wav,D03_J13_S000033_merged__chunk_0002.wav,D03,370430,23.149125,8000,1,-15.763223909611991,0.0,0.26786649603386736,0.002446096774716107,0.2129249643613115,588.050739455338,0.3350004975087335,0.0,0.0008252369394270204,23.149125,0.0,D03,False,True,D03_J13_S000033_merged,2
C:\Users\SZ\Documents\his_voice\stt_finetuning_cleaned_v3\D03\D03_J13_S000033_merged__chunk_0003.wav,D03_J13_S000033_merged__chunk_0003.wav,D03,400410,25.022875,8000,1,-20.542682583325657,0.0,0.2870173790981252,0.00018483087974503328,0.08794497007722972,570.918057372645,0.17454688191894027,0.0,0.0009687750394781286,25.022875,0.0,D03,False,True,D03_J13_S000033_merged,3
C:\Users\SZ\Documents\his_voice\stt_finetuning_cleaned_v3\D03\D03_J13_S000033_merged__chunk_0004.wav,D03_J13_S000033_merged__chunk_0004.wav,D03,376446,23.525125,8000,1,-21.252146857261348,0.0,0.24962141540161847,0.000154090573376337,0.09901168969181721,562.9701874673385,0.21296502292085528,0.0,0.0011012975668800852,23.525125,0.0,D03,False,True,D03_J13_S000033_merged,4
C:\Users\SZ\Documents\his_voice\stt_finetuning_cleaned_v3\D03\D03_J13_S000033_merged__chunk_0005.wav,D03_J13_S000033_merged__chunk_0005.wav,D03,477758,29.857125,8000,1,-18.431697093875833,0.0,0.24375672473488322,0.0015574171994122007,0.15774776434337007,552.3113005872402,0.3125940407331118,0.0,0.0017653545350545148,29.857125,0.0,D03,False,True,D03_J13_S000033_merged,5
C:\Users\SZ\Documents\his_voice\stt_finetuning_cleaned_v3\D03\D03_J13_S000033_merged__chunk_0006.wav,D03_J13_S000033_merged__chunk_0006.wav,D03,462606,28.910125,8000,1,-23.155838419397085,0.0,0.38261249302796163,0.00032428085316130596,0.08763403666551366,573.5825197252651,0.3088317609250209,0.0,0.0021216531976930575,28.910125,0.0,D03,False,True,D03_J13_S000033_merged,6
C:\Users\SZ\Documents\his_voice\stt_finetuning_cleaned_v3\D03\D03_J13_S000033_merged__chunk_0007.wav,D03_J13_S000033_merged__chunk_0007.wav,D03,363310,22.704125,8000,1,-19.53263322069287,0.0,0.21394790594220214,9.359532684038694e-05,0.14374669661733616,496.73608604522747,0.22243868988896337,0.0,0.001520072363957155,22.704125,0.0,D03,False,True,D03_J13_S000033_merged,7
C:\Users\SZ\Documents\his_voice\stt_finetuning_cleaned_v3\D03\D03_J13_S000033_merged__chunk_0008.wav,D03_J13_S000033_merged__chunk_0008.wav,D03,372182,23.258625,8000,1,-18.304480585896464,0.0,0.3176671019890471,0.0016982947186258862,0.08853752391598771,528.6596914079489,0.3364283236393956,0.0,0.0008679134343261998,23.258625,0.0,D03,False,True,D03_J13_S000033_merged,8
C:\Users\SZ\Documents\his_voice\stt_finetuning_cleaned_v3\D03\D03_J13_S000033_merged__chunk_0009.wav,D03_J13_S000033_merged__chunk_0009.wav,D03,364798,22.797125,8000,1,-16.968471748486046,0.0,0.33959874326258244,0.0013104722634981385,0.21466640347414134,559.1039148498757,0.261259505339286,0.0,0.0010377090812106718,22.797125,0.0,D03,False,True,D03_J13_S000033_merged,9
C:\Users\SZ\Documents\his_voice\stt_finetuning_cleaned_v3\D03\D03_J13_S000033_merged__chunk_0010.wav,D03_J13_S000033_merged__chunk_0010.wav,D03,476044,29.75,8000,1,-20.91293290343817,0.0,0.37234453781512605,0.00044957983193277313,0.09254240564035983,614.4157477640989,0.2501684230429358,5.128732966138812e-10,0.0007066047578208489,29.75,0.0,D03,False,True,D03_J13_S000033_merged,10
C:\Users\SZ\Documents\his_voice\stt_finetuning_cleaned_v3\D03\D03_J13_S000033_merged__chunk_0011.wav,D03_J13_S000033_merged__chunk_0011.wav,D03,186946,11.681375,8000,1,-25.47385752572607,-6.218459839197548,0.3214197814897647,0.0,0.16005350454788658,605.1423165089438,0.2227882117945027,0.0,0.002573529312577971,11.681375,0.0,D03,False,True,D03_J13_S000033_merged,11
C:\Users\SZ\Documents\his_voice\stt_finetuning_cleaned_v3\D03\D03_J13_S000034_merged__chunk_0001.wav,D03_J13_S000034_merged__chunk_0001.wav,D03,333678,20.852125,8000,1,-15.935619674343119,0.0,0.40308241965746894,0.003758609734019914,0.23379651831958564,491.488725641199,0.2661382578552717,0.0,0.001250973028841072,20.852125,0.0,D03,False,True,D03_J13_S000034_merged,1
C:\Users\SZ\Documents\his_voice\stt_finetuning_cleaned_v3\D03\D03_J13_S000034_merged__chunk_0002.wav,D03_J13_S000034_merged__chunk_0002.wav,D03,414374,25.895625,8000,1,-20.56188474597121,0.0,0.3707720898800473,0.0003041054232133806,0.09044525110540441,471.5565336134989,0.1913725836467911,0.0,0.0007693516226169922,25.895625,0.0,D03,False,True,D03_J13_S000034_merged,2
C:\Users\SZ\Documents\his_voice\stt_finetuning_cleaned_v3\D03\D03_J13_S000034_merged__chunk_0003.wav,D03_J13_S000034_merged__chunk_0003.wav,D03,308732,19.293,8000,1,-21.221164444147703,-1.7007244613424017,0.3056030684704297,0.0,0.08709821631042548,535.6820552795731,0.26500688163383307,2.8294725905053957e-09,0.0013708603799176039,19.293,0.0,D03,False,True,D03_J13_S000034_merged,3
C:\Users\SZ\Documents\his_voice\stt_finetuning_cleaned_v3\D03\D03_J13_S000035_merged__chunk_0001.wav,D03_J13_S000035_merged__chunk_0001.wav,D03,368066,23.001375,8000,1,-20.80826795722077,0.0,0.38191195091597785,0.0014292623810533067,0.08511493940546709,563.8126779479871,0.18826456744730524,0.0,0.0008845989711925985,23.001375,0.0,D03,False,True,D03_J13_S000035_merged,1
C:\Users\SZ\Documents\his_voice\stt_finetuning_cleaned_v3\D03\D03_J13_S000035_merged__chunk_0002.wav,D03_J13_S000035_merged__chunk_0002.wav,D03,409634,25.599375,8000,1,-21.221154761240797,-3.3172322879451004,0.45265265265265264,0.0,0.11735207086145102,685.9826196257875,0.27111031009177394,0.0,0.0005322960197647352,25.599375,0.0,D03,False,True,D03_J13_S000035_merged,2
C:\Users\SZ\Documents\his_voice\stt_finetuning_cleaned_v3\D03\D03_J13_S000035_merged__chunk_0003.wav,D03_J13_S000035_merged__chunk_0003.wav,D03,381176,23.82075,8000,1,-18.06010592723561,0.0,0.37869294627583094,3.673268054112486e-05,0.22929184267835123,708.5097308229249,0.23578343036917052,3.388658526672722e-09,0.0006319866243062815,23.82075,0.0,D03,False,True,D03_J13_S000035_merged,3
C:\Users\SZ\Documents\his_voice\stt_finetuning_cleaned_v3\D03\D03_J13_S000035_merged__chunk_0004.wav,D03_J13_S000035_merged__chunk_0004.wav,D03,41942,2.618625,8000,1,-23.00316753014024,-8.026123705756763,0.3349085875220774,0.0,0.1172904334542677,598.8254670843586,0.04401905275696521,0.0,0.012479909906683136,2.618625,0.0,D03,False,True,D03_J13_S000035_merged,4
C:\Users\SZ\Documents\his_voice\stt_finetuning_cleaned_v3\D03\D03_J13_S000036_merged__chunk_0001.wav,D03_J13_S000036_merged__chunk_0001.wav,D03,476188,29.759,8000,1,-21.249457017767742,0.0,0.3774950435162472,0.0001554151685204476,0.10615320639641115,677.2761216999469,0.2382061115527293,1.1010550324163807e-10,0.0009977395859904151,29.759,0.0,D03,False,True,D03_J13_S000036_merged,1
C:\Users\SZ\Documents\his_voice\stt_finetuning_cleaned_v3\D03\D03_J13_S000036_merged__chunk_0002.wav,D03_J13_S000036_merged__chunk_0002.wav,D03,432222,27.011125,8000,1,-18.43228003580904,0.0,0.27901466525366864,0.001712257449476836,0.1885713227944171,551.0732726593726,0.3057920049032396,0.0,0.0034517297973921893,27.011125,0.0,D03,False,True,D03_J13_S000036_merged,2
C:\Users\SZ\Documents\his_voice\stt_finetuning_cleaned_v3\D03\D03_J13_S000036_merged__chunk_0003.wav,D03_J13_S000036_merged__chunk_0003.wav,D03,341528,21.34275,8000,1,-23.003166615684314,-0.6363970492953098,0.46255754295955304,0.0,0.1052646991642312,699.5991866504895,0.07296897426529612,1.0311360147813933e-12,0.002293667642877798,21.34275,0.0,D03,False,True,D03_J13_S000036_merged,3
C:\Users\SZ\Documents\his_voice\stt_finetuning_cleaned_v3\D03\D03_J13_S000036_merged__chunk_0004.wav,D03_J13_S000036_merged__chunk_0004.wav,D03,172416,10.77325,8000,1,-19.344826570618594,0.0,0.27958137052421506,0.0006149490636530295,0.1858908162673319,639.4385382385477,0.260880367929808,1.483220536188564e-08,0.01963786075537943,10.77325,0.0,D03,False,True,D03_J13_S000036_merged,4
C:\Users\SZ\Documents\his_voice\stt_finetuning_cleaned_v3\D03\D03_J13_S000037_merged__chunk_0001.wav,D03_J13_S000037_merged__chunk_0001.wav,D03,329230,20.574125,8000,1,-17.973903377634567,-1.7424144847605862,0.35215349376947985,0.0,0.21499222319432293,515.9510509518087,0.2595777927727943,0.0,0.009348554810854169,20.574125,0.0,D03,False,True,D03_J13_S000037_merged,1
C:\Users\SZ\Documents\his_voice\stt_finetuning_cleaned_v3\D03\D03_J13_S000037_merged__chunk_0002.wav,D03_J13_S000037_merged__chunk_0002.wav,D03,382690,23.915375,8000,1,-23.003172102421306,-4.73118420062079,0.49906702278346043,0.0,0.10070979814135332,625.9875520146635,0.1478476854847571,0.0,0.0010484212954464899,23.915375,0.0,D03,False,True,D03_J13_S000037_merged,2
C:\Users\SZ\Documents\his_voice\stt_finetuning_cleaned_v3\D03\D03_J13_S000037_merged__chunk_0003.wav,D03_J13_S000037_merged__chunk_0003.wav,D03,434426,27.148875,8000,1,-19.52730266603626,-1.358706163209107,0.46508372814711474,0.0,0.22661264330770292,500.85135808679513,0.2341283090709725,0.0,0.001012830610378847,27.148875,0.0,D03,False,True,D03_J13_S000037_merged,3
C:\Users\SZ\Documents\his_voice\stt_finetuning_cleaned_v3\D03\D03_J13_S000037_merged__chunk_0004.wav,D03_J13_S000037_merged__chunk_0004.wav,D03,326510,20.404125,8000,1,-17.598848609223307,0.0,0.3315383531516299,5.513591001819485e-05,0.11215938051362478,491.01662921590196,0.22348322682299226,0.0,0.0009953636575372657,20.404125,0.0,D03,False,True,D03_J13_S000037_merged,4
C:\Users\SZ\Documents\his_voice\stt_finetuning_cleaned_v3\D03\D03_J13_S000037_merged__chunk_0005.wav,D03_J13_S000037_merged__chunk_0005.wav,D03,369316,23.0795,8000,1,-16.769736106522846,0.0,0.23390346411317403,0.0004820295067050846,0.18019335445608903,577.4320076579922,0.27516207575546053,9.919625131371803e-10,0.001841780104949632,23.0795,0.0,D03,False,True,D03_J13_S000037_merged,5
C:\Users\SZ\Documents\his_voice\stt_finetuning_cleaned_v3\D03\D03_J13_S000037_merged__chunk_0006.wav,D03_J13_S000037_merged__chunk_0006.wav,D03,353610,22.097875,8000,1,-20.733458944616395,-3.627567404379057,0.41954825973085647,0.0,0.1054858526320553,499.50476064180566,0.2462122763979738,0.0,0.0008523144274511581,22.097875,0.0,D03,False,True,D03_J13_S000037_merged,6
C:\Users\SZ\Documents\his_voice\stt_finetuning_cleaned_v3\D03\D03_J13_S000037_merged__chunk_0007.wav,D03_J13_S000037_merged__chunk_0007.wav,D03,385670,24.101625,8000,1,-25.474146173445448,-6.614034746635542,0.5156187601458407,0.0,0.2144057423811796,536.3970312694388,0.26361861845988876,0.0,0.0013630111066409067,24.101625,0.0,D03,False,True,D03_J13_S000037_merged,7
C:\Users\SZ\Documents\his_voice\stt_finetuning_cleaned_v3\D03\D03_J13_S000037_merged__chunk_0008.wav,D03_J13_S000037_merged__chunk_0008.wav,D03,201106,12.566375,8000,1,-22.904237515592985,0.0,0.4321652027732739,9.947180471695298e-06,0.10805729632945389,572.1129423960206,0.2404566227486279,0.0,0.003219049333939246,12.566375,0.0,D03,False,True,D03_J13_S000037_merged,8
C:\Users\SZ\Documents\his_voice\stt_finetuning_cleaned_v3\D03\D03_J13_S000038_merged__chunk_0001.wav,D03_J13_S000038_merged__chunk_0001.wav,D03,408212,25.5105,8000,1,-23.01137132985632,0.0,0.41686266439309305,3.4299602124615357e-05,0.10611858900545366,525.8351433851207,0.2133129472790522,0.0,0.0008972898106749149,25.5105,0.0,D03,False,True,D03_J13_S000038_merged,1
C:\Users\SZ\Documents\his_voice\stt_finetuning_cleaned_v3\D03\D03_J13_S000038_merged__chunk_0002.wav,D03_J13_S000038_merged__chunk_0002.wav,D03,392314,24.516875,8000,1,-19.447423516119798,0.0,0.25740943737731664,0.0002090396920488439,0.1765425678362752,510.5933916173839,0.23420938297133695,0.0,0.0013159987168360474,24.516875,0.0,D03,False,True,D03_J13_S000038_merged,2
C:\Users\SZ\Documents\his_voice\stt_finetuning_cleaned_v3\D03\D03_J13_S000038_merged__chunk_0003.wav,D03_J13_S000038_merged__chunk_0003.wav,D03,331134,20.693125,8000,1,-17.66700842946075,0.0,0.2448156090488991,0.0006282279742668156,0.11032716377518968,554.1887515056551,0.31789023252908993,0.0,0.0028738049881736503,20.693125,0.0,D03,False,True,D03_J13_S000038_merged,3
C:\Users\SZ\Documents\his_voice\stt_finetuning_cleaned_v3\D03\D03_J13_S000038_merged__chunk_0004.wav,D03_J13_S000038_merged__chunk_0004.wav,D03,453414,28.335625,8000,1,-16.891317706810277,0.0,0.3409930079184772,0.0012351942122328342,0.21826419156182175,563.0079953690457,0.3217457826372812,0.0,0.001172779603745202,28.335625,0.0,D03,False,True,D03_J13_S000038_merged,4
C:\Users\SZ\Documents\his_voice\stt_finetuning_cleaned_v3\D03\D03_J13_S000038_merged__chunk_0005.wav,D03_J13_S000038_merged__chunk_0005.wav,D03,165910,10.366625,8000,1,-20.737891415690125,-0.00026507636037961915,0.30973195229884365,6.0289631389193687e-05,0.11199536970047749,566.3683912070361,0.25014038262714067,0.0,0.0017310811976128735,10.366625,0.0,D03,False,True,D03_J13_S000038_merged,5
C:\Users\SZ\Documents\his_voice\stt_finetuning_cleaned_v3\D03\D03_J13_S000039_merged__chunk_0001.wav,D03_J13_S000039_merged__chunk_0001.wav,D03,324042,20.249875,8000,1,-19.562911082053287,0.0,0.39432342174951696,0.000259260859634936,0.23005222286694899,487.7196355717471,0.2279963923279942,0.0,0.0009897123468790693,20.249875,0.0,D03,False,True,D03_J13_S000039_merged,1
C:\Users\SZ\Documents\his_voice\stt_finetuning_cleaned_v3\D03\D03_J13_S000040_merged__chunk_0001.wav,D03_J13_S000040_merged__chunk_0001.wav,D03,327566,20.470125,8000,1,-17.622553534742057,0.0,0.22518181984721636,0.00017098088067366468,0.10769418661455789,516.206199475727,0.26892538349382383,0.0,0.0011730116018640825,20.470125,0.0,D03,False,True,D03_J13_S000040_merged,1
C:\Users\SZ\Documents\his_voice\stt_finetuning_cleaned_v3\D03\D03_J13_S000040_merged__chunk_0002.wav,D03_J13_S000040_merged__chunk_0002.wav,D03,324210,20.260375,8000,1,-16.799269444280146,0.0,0.3945077522010328,0.001190747950124319,0.24907145765723523,577.41753242453,0.34625414728656523,0.0,0.0028343039776425236,20.260375,0.0,D03,False,True,D03_J13_S000040_merged,2
C:\Users\SZ\Documents\his_voice\stt_finetuning_cleaned_v3\D03\D03_J13_S000040_merged__chunk_0003.wav,D03_J13_S000040_merged__chunk_0003.wav,D03,97014,6.060625,8000,1,-20.733459648786187,-0.5693439553591851,0.42774053831081776,0.0,0.08062453592937877,657.3610119971187,0.23733092768364694,0.0,0.002493360727952405,6.060625,0.0,D03,False,True,D03_J13_S000040_merged,3
C:\Users\SZ\Documents\his_voice\stt_finetuning_cleaned_v3\D03\D03_J13_S000041_merged__chunk_0001.wav,D03_J13_S000041_merged__chunk_0001.wav,D03,334072,20.87675,8000,1,-16.832613013879442,0.0,0.2964122768151173,0.000508939370352186,0.19848155532802836,473.0124044072904,0.2719363184835975,0.0,0.0019201603354401557,20.87675,0.0,D03,False,True,D03_J13_S000041_merged,1
C:\Users\SZ\Documents\his_voice\stt_finetuning_cleaned_v3\D03\D03_J13_S000041_merged__chunk_0002.wav,D03_J13_S000041_merged__chunk_0002.wav,D03,394446,24.650125,8000,1,-20.943141299912618,0.0,0.3076454987550773,0.0005476645655955091,0.09377789046653144,422.78633679589325,0.2347238803759432,0.0,0.0009921357586274659,24.650125,0.0,D03,False,True,D03_J13_S000041_merged,2
C:\Users\SZ\Documents\his_voice\stt_finetuning_cleaned_v3\D03\D03_J13_S000041_merged__chunk_0003.wav,D03_J13_S000041_merged__chunk_0003.wav,D03,43000,2.68475,8000,1,-25.472444201896607,-6.745580990218315,0.527842443430487,0.0,0.22400707733854822,465.874855959543,0.3183319221020703,6.4751009857496575e-09,0.004904590141768381,2.68475,0.0,D03,False,True,D03_J13_S000041_merged,3
C:\Users\SZ\Documents\his_voice\stt_finetuning_cleaned_v3\D03\D03_J13_S000042_merged__chunk_0001.wav,D03_J13_S000042_merged__chunk_0001.wav,D03,424400,26.52225,8000,1,-20.828547539541834,0.0,0.3895267181328884,0.000706953595565987,0.09299782728570957,646.8012405497401,0.24398118438653588,1.258704192780837e-10,0.0009289191910227396,26.52225,0.0,D03,False,True,D03_J13_S000042_merged,1
C:\Users\SZ\Documents\his_voice\stt_finetuning_cleaned_v3\D03\D03_J13_S000042_merged__chunk_0002.wav,D03_J13_S000042_merged__chunk_0002.wav,D03,211480,13.21475,8000,1,-25.473350136670337,-4.4192332790492275,0.4838154335117955,0.0,0.2373884994844727,551.1831871848144,0.2521349811116008,5.826759955511236e-09,0.001270091777068206,13.21475,0.0,D03,False,True,D03_J13_S000042_merged,2
C:\Users\SZ\Documents\his_voice\stt_finetuning_cleaned_v3\D03\D03_J13_S000043_merged__chunk_0001.wav,D03_J13_S000043_merged__chunk_0001.wav,D03,369804,23.11,8000,1,-25.473803443325657,-4.620384022303969,0.3690664214625703,0.0,0.21517316731483835,976.4751421937849,0.2839218530345458,1.6055805301842669e-12,0.023015742899478647,23.11,0.0,D03,False,True,D03_J13_S000043_merged,1
C:\Users\SZ\Documents\his_voice\stt_finetuning_cleaned_v3\D03\D03_J13_S000043_merged__chunk_0002.wav,D03_J13_S000043_merged__chunk_0002.wav,D03,239962,14.994875,8000,1,-22.902643734145922,-1.3018607284644637,0.354479447144441,0.0,0.1293202620917321,723.7130385149885,0.2624606994950482,0.0,0.0016838642385782123,14.994875,0.0,D03,False,True,D03_J13_S000043_merged,2
C:\Users\SZ\Documents\his_voice\stt_finetuning_cleaned_v3\D03\D03_J13_S000044_merged__chunk_0001.wav,D03_J13_S000044_merged__chunk_0001.wav,D03,379306,23.703875,8000,1,-22.903322614935696,0.0,0.3364639747720573,1.582019817434913e-05,0.10128144280968202,548.9471710547389,0.25481344282197366,0.0,0.000862213612861052,23.703875,0.0,D03,False,True,D03_J13_S000044_merged,1
C:\Users\SZ\Documents\his_voice\stt_finetuning_cleaned_v3\D03\D03_J13_S000044_merged__chunk_0002.wav,D03_J13_S000044_merged__chunk_0002.wav,D03,202532,12.6555,8000,1,-19.659762404026488,0.0,0.31694717711666864,2.9631385563588955e-05,0.105676441828077,611.4735119765231,0.18069336292394683,2.566661543807516e-10,0.003659117515983073,12.6555,0.0,D03,False,True,D03_J13_S000044_merged,2
C:\Users\SZ\Documents\his_voice\stt_finetuning_cleaned_v3\D03\D03_J13_S000045_merged__chunk_0001.wav,D03_J13_S000045_merged__chunk_0001.wav,D03,438548,27.4065,8000,1,-19.658115359618865,-0.24299283116892678,0.2992127779906227,0.0,0.09631883092893533,559.159659171946,0.1423743004655345,3.4674199724493536e-13,0.00109147223477783,27.4065,0.0,D03,False,True,D03_J13_S000045_merged,1
C:\Users\SZ\Documents\his_voice\stt_finetuning_cleaned_v3\D03\D03_J13_S000045_merged__chunk_0002.wav,D03_J13_S000045_merged__chunk_0002.wav,D03,90304,5.64125,8000,1,-25.071661848136095,-5.708710507109234,0.44821626412585863,0.0,0.22679430078220214,487.94901569945483,0.28645008559650376,0.0,0.006734222931265144,5.64125,0.0,D03,False,True,D03_J13_S000045_merged,2
C:\Users\SZ\Documents\his_voice\stt_finetuning_cleaned_v3\D03\D03_J13_S000046_merged__chunk_0001.wav,D03_J13_S000046_merged__chunk_0001.wav,D03,465028,29.0615,8000,1,-24.827546239749605,-2.233552063023332,0.39025858954286596,0.0,0.19588715262096168,650.2974637290238,0.28274125596466504,1.920994827486978e-09,0.007775970313819575,29.0615,0.0,D03,False,True,D03_J13_S000046_merged,1
C:\Users\SZ\Documents\his_voice\stt_finetuning_cleaned_v3\D03\D03_J13_S000046_merged__chunk_0002.wav,D03_J13_S000046_merged__chunk_0002.wav,D03,436566,27.282625,8000,1,-16.96621699747473,0.0,0.3561653250008018,0.0011270909599058008,0.10621735544763126,576.3765433629428,0.2171711657662949,0.0,0.005179111790517966,27.282625,0.0,D03,False,True,D03_J13_S000046_merged,2
C:\Users\SZ\Documents\his_voice\stt_finetuning_cleaned_v3\D03\D03_J13_S000046_merged__chunk_0003.wav,D03_J13_S000046_merged__chunk_0003.wav,D03,257666,16.101375,8000,1,-18.85072980408184,-0.00026507636037961915,0.2686649432113717,7.763312139491192e-06,0.1109696452138809,621.1879593438036,0.16966547968421916,0.0,0.001679875306895902,16.101375,0.0,D03,False,True,D03_J13_S000046_merged,3
C:\Users\SZ\Documents\his_voice\stt_finetuning_cleaned_v3\D03\D03_J13_S000047_merged__chunk_0001.wav,D03_J13_S000047_merged__chunk_0001.wav,D03,463364,28.9575,8000,1,-16.927573863961335,0.0,0.29379262712596044,0.0005223171889838557,0.10853021035228504,571.1562541815244,0.31744339760969287,6.956616126187921e-10,0.00312126254305169,28.9575,0.0,D03,False,True,D03_J13_S000047_merged,1
C:\Users\SZ\Documents\his_voice\stt_finetuning_cleaned_v3\D03\D03_J13_S000047_merged__chunk_0002.wav,D03_J13_S000047_merged__chunk_0002.wav,D03,464982,29.058625,8000,1,-18.892484586763242,0.0,0.30186820608339177,0.0002710038757855886,0.11385653079133472,614.4377241629406,0.20317706941061595,0.0,0.0012326002893194652,29.058625,0.0,D03,False,True,D03_J13_S000047_merged,2
C:\Users\SZ\Documents\his_voice\stt_finetuning_cleaned_v3\D03\D03_J13_S000047_merged__chunk_0003.wav,D03_J13_S000047_merged__chunk_0003.wav,D03,128516,8.0295,8000,1,-19.00513350491186,0.0,0.1902982751105299,0.00012454075596238869,0.12543006149295555,498.9575752419397,0.19428919593319655,1.7813672802861029e-09,0.0029537328205470207,8.0295,0.0,D03,False,True,D03_J13_S000047_merged,3
C:\Users\SZ\Documents\his_voice\stt_finetuning_cleaned_v3\D03\D03_J13_S000048_merged__chunk_0001.wav,D03_J13_S000048_merged__chunk_0001.wav,D03,400446,25.025125,8000,1,-19.21579367187355,0.0,0.3998631375467655,0.0012637299513988441,0.0922977022977023,523.7247118764323,0.23480647138780675,0.0,0.0013552223540156659,25.025125,0.0,D03,False,True,D03_J13_S000048_merged,1
C:\Users\SZ\Documents\his_voice\stt_finetuning_cleaned_v3\D03\D03_J13_S000048_merged__chunk_0002.wav,D03_J13_S000048_merged__chunk_0002.wav,D03,413330,25.830375,8000,1,-18.890506323987182,0.0,0.3416907420043263,0.0001596957070890376,0.10486735513593558,568.6787003627751,0.1827850831573949,0.0,0.0013040013785885415,25.830375,0.0,D03,False,True,D03_J13_S000048_merged,2
C:\Users\SZ\Documents\his_voice\stt_finetuning_cleaned_v3\D03\D03_J13_S000048_merged__chunk_0003.wav,D03_J13_S000048_merged__chunk_0003.wav,D03,92192,5.75925,8000,1,-16.02097325499203,0.0,0.20725354863914572,0.0005426053739636238,0.11907190762485621,576.4312309030424,0.26950536629091093,7.105056711305768e-10,0.0035693435004641744,5.75925,0.0,D03,False,True,D03_J13_S000048_merged,3
C:\Users\SZ\Documents\his_voice\stt_finetuning_cleaned_v3\D03\D03_J13_S000049_merged__chunk_0001.wav,D03_J13_S000049_merged__chunk_0001.wav,D03,436796,27.297,8000,1,-18.947402652273865,0.0,0.32549364399018205,0.0002610176942521156,0.08833428734974241,492.11358279673493,0.17101389957195837,0.0,0.0011992541246005465,27.297,0.0,D03,False,True,D03_J13_S000049_merged,1
C:\Users\SZ\Documents\his_voice\stt_finetuning_cleaned_v3\D03\D03_J13_S000049_merged__chunk_0002.wav,D03_J13_S000049_merged__chunk_0002.wav,D03,326488,20.40275,8000,1,-16.50242721249303,0.0,0.39064586881670366,0.00351668280011273,0.0865697428639697,544.493045220898,0.28057857610464787,0.0,0.002180436014457592,20.40275,0.0,D03,False,True,D03_J13_S000049_merged,2
C:\Users\SZ\Documents\his_voice\stt_finetuning_cleaned_v3\D03\D03_J13_S000050_merged__chunk_0001.wav,D03_J13_S000050_merged__chunk_0001.wav,D03,466640,29.16225,8000,1,-16.469617338020463,0.0,0.39740160652898865,0.0027389861893372426,0.08620770948619143,379.154004190638,0.2418976239785223,6.12891775570893e-11,0.0009167073048864342,29.16225,0.0,D03,False,True,D03_J13_S000050_merged,1
C:\Users\SZ\Documents\his_voice\stt_finetuning_cleaned_v3\D03\D03_J13_S000050_merged__chunk_0002.wav,D03_J13_S000050_merged__chunk_0002.wav,D03,371382,23.208625,8000,1,-22.313201237242218,-1.9791842033079121,0.33476778568312426,0.0,0.19647435206928496,584.5007149970006,0.28588977669598176,0.0,0.0009949078172500788,23.208625,0.0,D03,False,True,D03_J13_S000050_merged,2
C:\Users\SZ\Documents\his_voice\stt_finetuning_cleaned_v3\D03\D03_J13_S000050_merged__chunk_0003.wav,D03_J13_S000050_merged__chunk_0003.wav,D03,404674,25.289375,8000,1,-19.040472113184872,0.0,0.22027037046190348,0.00013839804265625385,0.1126862204296292,589.9409437808848,0.2538887987268835,0.0,0.0013465482037994607,25.289375,0.0,D03,False,True,D03_J13_S000050_merged,3
C:\Users\SZ\Documents\his_voice\stt_finetuning_cleaned_v3\D03\D03_J13_S000050_merged__chunk_0004.wav,D03_J13_S000050_merged__chunk_0004.wav,D03,411210,25.697875,8000,1,-17.38617311520414,0.0,0.2616120982766085,0.00023348234046589454,0.10935295891663667,582.3279374215418,0.29901347557338576,0.0,0.0007908010177448413,25.697875,0.0,D03,False,True,D03_J13_S000050_merged,4
C:\Users\SZ\Documents\his_voice\stt_finetuning_cleaned_v3\D03\D03_J13_S000050_merged__chunk_0005.wav,D03_J13_S000050_merged__chunk_0005.wav,D03,354386,22.146375,8000,1,-19.77578374115089,-0.25909070094333464,0.3548210485914738,0.0,0.21489529830106677,544.3067681313474,0.2842153938998571,0.0,0.0009496278453951876,22.146375,0.0,D03,False,True,D03_J13_S000050_merged,5
C:\Users\SZ\Documents\his_voice\stt_finetuning_cleaned_v3\D03\D03_J13_S000050_merged__chunk_0006.wav,D03_J13_S000050_merged__chunk_0006.wav,D03,367338,22.955875,8000,1,-16.187267373122545,0.0,0.22985945863531668,0.0030003212685205858,0.17703625453317795,548.2561315168833,0.35065069246047303,0.0,0.0012814576562646196,22.955875,0.0,D03,False,True,D03_J13_S000050_merged,6
C:\Users\SZ\Documents\his_voice\stt_finetuning_cleaned_v3\D03\D03_J13_S000051_merged__chunk_0001.wav,D03_J13_S000051_merged__chunk_0001.wav,D03,452068,28.2515,8000,1,-22.395905073359014,0.0,0.4976151708758827,0.00036723713785108755,0.22621907783249487,666.8613666360816,0.2641765867359415,0.0,0.001266167358709891,28.2515,0.0,D03,False,True,D03_J13_S000051_merged,1
C:\Users\SZ\Documents\his_voice\stt_finetuning_cleaned_v3\D03\D03_J13_S000051_merged__chunk_0002.wav,D03_J13_S000051_merged__chunk_0002.wav,D03,398164,24.8825,8000,1,-19.552324224286025,0.0,0.36730131618607453,0.0025570179845272782,0.1157345309682054,673.3728136854286,0.25585392051463857,1.6580733754137806e-09,0.00388888400248718,24.8825,0.0,D03,False,True,D03_J13_S000051_merged,2
C:\Users\SZ\Documents\his_voice\stt_finetuning_cleaned_v3\D03\D03_J13_S000051_merged__chunk_0003.wav,D03_J13_S000051_merged__chunk_0003.wav,D03,396802,24.797375,8000,1,-17.92718714031491,0.0,0.28971816573326814,0.003195902792130215,0.12017965701841939,645.7177196875031,0.2946979105427062,0.0,0.0011345159640577815,24.797375,0.0,D03,False,True,D03_J13_S000051_merged,3
C:\Users\SZ\Documents\his_voice\stt_finetuning_cleaned_v3\D03\D03_J13_S000052_merged__chunk_0001.wav,D03_J13_S000052_merged__chunk_0001.wav,D03,462810,28.922875,8000,1,-19.08065935568121,0.0,0.3978987220323014,0.0005575171901133618,0.10858234434830713,657.7421864734964,0.24012822697886788,0.0,0.0015298404365115866,28.922875,0.0,D03,False,True,D03_J13_S000052_merged,1
C:\Users\SZ\Documents\his_voice\stt_finetuning_cleaned_v3\D03\D03_J13_S000052_merged__chunk_0002.wav,D03_J13_S000052_merged__chunk_0002.wav,D03,451148,28.194,8000,1,-18.12917596883782,0.0,0.3224356246009789,0.0023320564659147338,0.10162668310049612,589.5062373462454,0.39705917415664876,2.0367933816563474e-09,0.0005002366845180005,28.194,0.0,D03,False,True,D03_J13_S000052_merged,2
C:\Users\SZ\Documents\his_voice\stt_finetuning_cleaned_v3\D03\D03_J13_S000052_merged__chunk_0003.wav,D03_J13_S000052_merged__chunk_0003.wav,D03,153878,9.614625,8000,1,-19.7116016759168,0.0,0.42151930002470195,0.001014080112328874,0.24508554787040407,700.383309233865,0.3196510607454711,0.0,0.014937225398418706,9.614625,0.0,D03,False,True,D03_J13_S000052_merged,3
C:\Users\SZ\Documents\his_voice\stt_finetuning_cleaned_v3\D03\D03_J13_S000053_merged__chunk_0001.wav,D03_J13_S000053_merged__chunk_0001.wav,D03,335834,20.986875,8000,1,-17.81411778883553,0.0,0.3249471395812859,0.002817236963578427,0.11056380811702622,636.0633999982916,0.32459356947343154,0.0,0.00087096248984306,20.986875,0.0,D03,False,True,D03_J13_S000053_merged,1
C:\Users\SZ\Documents\his_voice\stt_finetuning_cleaned_v3\D03\D03_J13_S000053_merged__chunk_0002.wav,D03_J13_S000053_merged__chunk_0002.wav,D03,189146,11.818875,8000,1,-19.88742066961627,0.0,0.2655392327949995,0.000592272953221013,0.19025912215758858,582.6079935164305,0.2866945199006804,0.0,0.0013418554530707227,11.818875,0.0,D03,False,True,D03_J13_S000053_merged,2
C:\Users\SZ\Documents\his_voice\stt_finetuning_cleaned_v3\D03\D03_J13_S000054_merged__chunk_0001.wav,D03_J13_S000054_merged__chunk_0001.wav,D03,331554,20.719375,8000,1,-19.787982283128308,0.0,0.3125456245663781,3.619800307683026e-05,0.20382011897148786,551.8156410650422,0.3185599117194065,0.0,0.001480456817343444,20.719375,0.0,D03,False,True,D03_J13_S000054_merged,1
C:\Users\SZ\Documents\his_voice\stt_finetuning_cleaned_v3\D03\D03_J13_S000054_merged__chunk_0002.wav,D03_J13_S000054_merged__chunk_0002.wav,D03,231638,14.474625,8000,1,-15.84188901539452,0.0,0.4314187759613807,0.0026425555066193424,0.2679885315554941,493.9066334204654,0.34099964062427246,0.0,0.0035744521849383286,14.474625,0.0,D03,False,True,D03_J13_S000054_merged,2
C:\Users\SZ\Documents\his_voice\stt_finetuning_cleaned_v3\D03\D03_J13_S000055_merged__chunk_0001.wav,D03_J13_S000055_merged__chunk_0001.wav,D03,472402,29.522375,8000,1,-15.654548271668316,0.0,0.38844266425042023,0.0024388281769335968,0.23494991066060344,559.7127828148674,0.28106315865049386,0.0,0.006052563833833666,29.522375,0.0,D03,False,True,D03_J13_S000055_merged,1
C:\Users\SZ\Documents\his_voice\stt_finetuning_cleaned_v3\D03\D03_J13_S000055_merged__chunk_0002.wav,D03_J13_S000055_merged__chunk_0002.wav,D03,386620,24.161,8000,1,-25.797180211461587,-1.1734819390501425,0.41701502421257397,0.0,0.11130081174626333,537.4890886028624,0.21334553959898223,2.904198616300695e-10,0.0009885104251628502,24.161,0.0,D03,False,True,D03_J13_S000055_merged,2
C:\Users\SZ\Documents\his_voice\stt_finetuning_cleaned_v3\D03\D03_J13_S000055_merged__chunk_0003.wav,D03_J13_S000055_merged__chunk_0003.wav,D03,354538,22.155875,8000,1,-20.38254879353479,0.0,0.3760514987559733,2.820922215890819e-05,0.10411518454577254,594.2681268888675,0.15967324431364538,0.0,0.000699829814642707,22.155875,0.0,D03,False,True,D03_J13_S000055_merged,3
C:\Users\SZ\Documents\his_voice\stt_finetuning_cleaned_v3\D03\D03_J13_S000055_merged__chunk_0004.wav,D03_J13_S000055_merged__chunk_0004.wav,D03,384040,23.99975,8000,1,-15.574249682821426,0.0,0.3840977510182398,0.0023541911894915573,0.23482137741735548,525.721479103444,0.3204524325128779,9.120903546713834e-11,0.0007120539046859471,23.99975,0.0,D03,False,True,D03_J13_S000055_merged,4
C:\Users\SZ\Documents\his_voice\stt_finetuning_cleaned_v3\D03\D03_J13_S000055_merged__chunk_0005.wav,D03_J13_S000055_merged__chunk_0005.wav,D03,325818,20.360875,8000,1,-16.486334974279462,0.0,0.24805540036958137,0.0025784746480689066,0.18131699470795526,463.14868852930545,0.23097376071732853,0.0,0.0010735157533212768,20.360875,0.0,D03,False,True,D03_J13_S000055_merged,5
C:\Users\SZ\Documents\his_voice\stt_finetuning_cleaned_v3\D03\D03_J13_S000055_merged__chunk_0006.wav,D03_J13_S000055_merged__chunk_0006.wav,D03,420610,26.285375,8000,1,-25.672967687077943,-3.6118849068485277,0.5196853763737439,0.0,0.20476788312837046,567.6068094774092,0.2665555316129721,0.0,0.0007448039212501435,26.285375,0.0,D03,False,True,D03_J13_S000055_merged,6
C:\Users\SZ\Documents\his_voice\stt_finetuning_cleaned_v3\D03\D03_J13_S000055_merged__chunk_0007.wav,D03_J13_S000055_merged__chunk_0007.wav,D03,249636,15.5995,8000,1,-17.748129445057362,0.0,0.32735824866181606,0.004246930991377929,0.09751191954805882,529.4611318688052,0.23298023046884803,0.0,0.0017302877488368762,15.5995,0.0,D03,False,True,D03_J13_S000055_merged,7
C:\Users\SZ\Documents\his_voice\stt_finetuning_cleaned_v3\D03\D03_J13_S000056_merged__chunk_0001.wav,D03_J13_S000056_merged__chunk_0001.wav,D03,458506,28.653875,8000,1,-25.79718462647055,-0.0015905795200374013,0.46747603945365157,4.362411715692904e-06,0.09297648649827683,472.9984154955964,0.2450793673225687,0.0,0.0010052439028546683,28.653875,0.0,D03,False,True,D03_J13_S000056_merged,1
C:\Users\SZ\Documents\his_voice\stt_finetuning_cleaned_v3\D03\D03_J13_S000056_merged__chunk_0002.wav,D03_J13_S000056_merged__chunk_0002.wav,D03,362468,22.6515,8000,1,-20.44772381961442,0.0,0.3922698276052359,0.00035869589210427567,0.09460794322640458,509.11024355859985,0.23816273140892325,0.0,0.0015551010489439372,22.6515,0.0,D03,False,True,D03_J13_S000056_merged,2
C:\Users\SZ\Documents\his_voice\stt_finetuning_cleaned_v3\D03\D03_J13_S000057_merged__chunk_0001.wav,D03_J13_S000057_merged__chunk_0001.wav,D03,421406,26.335125,8000,1,-20.38045120057694,0.0,0.3417773790707278,4.746512499940669e-06,0.09311277767229922,483.146994303694,0.21644997711134417,0.0,0.0009821447349137044,26.335125,0.0,D03,False,True,D03_J13_S000057_merged,1
C:\Users\SZ\Documents\his_voice\stt_finetuning_cleaned_v3\D03\D03_J13_S000057_merged__chunk_0002.wav,D03_J13_S000057_merged__chunk_0002.wav,D03,388524,24.28,8000,1,-15.524117655549674,0.0,0.2646004942339374,0.0016320016474464579,0.1955117149491091,525.9650287671324,0.29829203117366876,0.0,0.0011882996321727819,24.28,0.0,D03,False,True,D03_J13_S000057_merged,2
C:\Users\SZ\Documents\his_voice\stt_finetuning_cleaned_v3\D03\D03_J13_S000057_merged__chunk_0003.wav,D03_J13_S000057_merged__chunk_0003.wav,D03,251218,15.698375,8000,1,-16.093032505196135,0.0,0.21764991599448988,0.0003344295189788752,0.17490006847897058,550.2654508297916,0.2562506421857566,0.0,0.0019671784025391296,15.698375,0.0,D03,False,True,D03_J13_S000057_merged,3
C:\Users\SZ\Documents\his_voice\stt_finetuning_cleaned_v3\D03\D03_J13_S000058_merged__chunk_0001.wav,D03_J13_S000058_merged__chunk_0001.wav,D03,330860,20.676,8000,1,-15.892559639079977,0.0,0.2257569162313794,0.00234571483846005,0.2112062971941937,669.8423586390571,0.4281457192391965,0.0,0.00128705078860158,20.676,0.0,D03,False,True,D03_J13_S000058_merged,1
C:\Users\SZ\Documents\his_voice\stt_finetuning_cleaned_v3\D03\D03_J13_S000058_merged__chunk_0002.wav,D03_J13_S000058_merged__chunk_0002.wav,D03,444040,27.74975,8000,1,-16.355076948467705,0.0,0.24334453463544717,0.0029639906665825818,0.19777744744298345,523.2255961102401,0.2717845016159679,9.643518024322848e-09,0.004955698049146083,27.74975,0.0,D03,False,True,D03_J13_S000058_merged,2
C:\Users\SZ\Documents\his_voice\stt_finetuning_cleaned_v3\D03\D03_J13_S000058_merged__chunk_0003.wav,D03_J13_S000058_merged__chunk_0003.wav,D03,457814,28.610625,8000,1,-25.67332769360651,-5.638416153821947,0.4733556152653079,0.0,0.20232956432079133,505.1006972272874,0.25155547895209107,0.0,0.0007508708662295981,28.610625,0.0,D03,False,True,D03_J13_S000058_merged,3
C:\Users\SZ\Documents\his_voice\stt_finetuning_cleaned_v3\D03\D03_J13_S000058_merged__chunk_0004.wav,D03_J13_S000058_merged__chunk_0004.wav,D03,449330,28.080375,8000,1,-16.825089687027635,0.0,0.34769834804556565,0.0014333854159711186,0.12353878615753065,598.0705215013422,0.1973713028300154,0.0,0.0011802368686842813,28.080375,0.0,D03,False,True,D03_J13_S000058_merged,4
C:\Users\SZ\Documents\his_voice\stt_finetuning_cleaned_v3\D03\D03_J13_S000058_merged__chunk_0005.wav,D03_J13_S000058_merged__chunk_0005.wav,D03,245992,15.37175,8000,1,-17.305659050854562,0.0,0.31986436157236486,0.002675362271699709,0.12117294040155156,609.4070366067688,0.21619376301021523,0.0,0.0012892899080912004,15.37175,0.0,D03,False,True,D03_J13_S000058_merged,5
C:\Users\SZ\Documents\his_voice\stt_finetuning_cleaned_v3\D03\D03_J13_S000059_merged__chunk_0001.wav,D03_J13_S000059_merged__chunk_0001.wav,D03,419142,26.193625,8000,1,-16.9950470135074,0.0,0.3011610649537817,0.005168242272690397,0.1902332639777044,516.2486161131167,0.32241787535329375,0.0,0.0009167042472368275,26.193625,0.0,D03,False,True,D03_J13_S000059_merged,1
C:\Users\SZ\Documents\his_voice\stt_finetuning_cleaned_v3\D03\D03_J13_S000059_merged__chunk_0002.wav,D03_J13_S000059_merged__chunk_0002.wav,D03,385608,24.09775,8000,1,-25.67335505222564,0.0,0.4477803944351651,5.18720627444471e-06,0.21241201155715553,557.9413546781351,0.255203870859059,0.0,0.0009329761502019907,24.09775,0.0,D03,False,True,D03_J13_S000059_merged,2
C:\Users\SZ\Documents\his_voice\stt_finetuning_cleaned_v3\D03\D03_J13_S000060_merged__chunk_0001.wav,D03_J13_S000060_merged__chunk_0001.wav,D03,337980,21.121,8000,1,-25.674405937139394,-3.4152598250819066,0.5597095307987311,0.0,0.24837986115632046,585.2089560742648,0.24222717260654705,2.127122314147068e-09,0.0012493499597416766,21.121,0.0,D03,False,True,D03_J13_S000060_merged,1
C:\Users\SZ\Documents\his_voice\stt_finetuning_cleaned_v3\D03\D03_J13_S000060_merged__chunk_0002.wav,D03_J13_S000060_merged__chunk_0002.wav,D03,401500,25.091,8000,1,-17.158174445055234,0.0,0.4171166952293651,0.0035072336694432268,0.10443537740313959,711.6874746580555,0.3754799162716043,0.0,0.0006642272932016608,25.091,0.0,D03,False,True,D03_J13_S000060_merged,2
C:\Users\SZ\Documents\his_voice\stt_finetuning_cleaned_v3\D03\D03_J13_S000061_merged__chunk_0001.wav,D03_J13_S000061_merged__chunk_0001.wav,D03,238812,14.923,8000,1,-16.793083811485307,0.0,0.2776754003886618,0.0005947195604101052,0.09784475176532673,541.2559204829363,0.19734635441662013,1.6740913726616064e-11,0.0015415503696404145,14.923,0.0,D03,False,True,D03_J13_S000061_merged,1
C:\Users\SZ\Documents\his_voice\stt_finetuning_cleaned_v3\D03\D03_J13_S000062_merged__chunk_0001.wav,D03_J13_S000062_merged__chunk_0001.wav,D03,455022,28.436125,8000,1,-17.05705118582374,0.0,0.2039439269591057,0.00035166535524794605,0.06391985511323674,291.84098496258486,0.16649619482537653,0.0,0.0007056621319029618,28.436125,0.0,D03,False,True,D03_J13_S000062_merged,1
C:\Users\SZ\Documents\his_voice\stt_finetuning_cleaned_v3\D03\D03_J13_S000062_merged__chunk_0002.wav,D03_J13_S000062_merged__chunk_0002.wav,D03,328246,20.512625,8000,1,-14.157380590154226,0.0,0.13049280625955967,0.0018342362325640916,0.1394942108470445,432.633896407961,0.26455730036067365,0.0,0.0009673197328087454,20.512625,0.0,D03,False,True,D03_J13_S000062_merged,2
C:\Users\SZ\Documents\his_voice\stt_finetuning_cleaned_v3\D03\D03_J13_S000062_merged__chunk_0003.wav,D03_J13_S000062_merged__chunk_0003.wav,D03,345124,21.5675,8000,1,-19.751300206100456,0.0,0.22286426335922105,0.00020864727019821491,0.15311900497858455,469.16359513105965,0.26487608198016444,1.664644437483919e-08,0.001371490171555159,21.5675,0.0,D03,False,True,D03_J13_S000062_merged,3
C:\Users\SZ\Documents\his_voice\stt_finetuning_cleaned_v3\D03\D03_J13_S000062_merged__chunk_0004.wav,D03_J13_S000062_merged__chunk_0004.wav,D03,423800,26.48475,8000,1,-19.795531881104175,0.0,0.23118492717507244,0.00016990909863223177,0.08456321356258584,508.44952326397214,0.25594338345066286,0.0,0.0013030057065868998,26.48475,0.0,D03,False,True,D03_J13_S000062_merged,4
C:\Users\SZ\Documents\his_voice\stt_finetuning_cleaned_v3\D03\D03_J13_S000062_merged__chunk_0005.wav,D03_J13_S000062_merged__chunk_0005.wav,D03,140382,8.771125,8000,1,-17.796632307347743,0.0,0.3390671094072881,0.00151063860109165,0.22420476570516476,694.4170541720991,0.40900965894372365,0.0,0.009017909108443295,8.771125,0.0,D03,False,True,D03_J13_S000062_merged,5
C:\Users\SZ\Documents\his_voice\stt_finetuning_cleaned_v3\D03\D03_J13_S000063_merged__chunk_0001.wav,D03_J13_S000063_merged__chunk_0001.wav,D03,459580,28.721,8000,1,-14.295864470859687,0.0,0.30387608370182095,0.0033425020020194283,0.21263279757319373,477.56125859745214,0.2663951342040558,4.94832535974293e-09,0.0012968681503281636,28.721,0.0,D03,False,True,D03_J13_S000063_merged,1
C:\Users\SZ\Documents\his_voice\stt_finetuning_cleaned_v3\D03\D03_J13_S000063_merged__chunk_0002.wav,D03_J13_S000063_merged__chunk_0002.wav,D03,403912,25.24175,8000,1,-19.64108456485279,0.0,0.36590173026830547,0.00011389860053284737,0.21058469888527384,507.29277104966286,0.25825394299837295,0.0,0.0017772869459312525,25.24175,0.0,D03,False,True,D03_J13_S000063_merged,2
C:\Users\SZ\Documents\his_voice\stt_finetuning_cleaned_v3\D03\D03_J13_S000063_merged__chunk_0003.wav,D03_J13_S000063_merged__chunk_0003.wav,D03,425434,26.586875,8000,1,-19.786993973168382,0.0,0.3462751827734549,6.112038364794659e-05,0.10163897430110863,579.4624659292729,0.23253884730571986,0.0,0.0008666256518400845,26.586875,0.0,D03,False,True,D03_J13_S000063_merged,3
C:\Users\SZ\Documents\his_voice\stt_finetuning_cleaned_v3\D03\D03_J13_S000063_merged__chunk_0004.wav,D03_J13_S000063_merged__chunk_0004.wav,D03,61874,3.864375,8000,1,-17.760031273858054,0.0,0.4264596474203461,0.0011321365033155426,0.25046904315197,515.5395843907755,0.2857065017712568,0.0,0.0047013563559454,3.864375,0.0,D03,False,True,D03_J13_S000063_merged,4
C:\Users\SZ\Documents\his_voice\stt_finetuning_cleaned_v3\D03\D03_J13_S000064_merged__chunk_0001.wav,D03_J13_S000064_merged__chunk_0001.wav,D03,415348,25.9565,8000,1,-19.79755734339028,0.0,0.4789166490089188,0.0005923371795118756,0.2511618051442083,581.7155148677971,0.3480446075095826,0.0,0.0017428604158145156,25.9565,0.0,D03,False,True,D03_J13_S000064_merged,1
C:\Users\SZ\Documents\his_voice\stt_finetuning_cleaned_v3\D03\D03_J13_S000064_merged__chunk_0002.wav,D03_J13_S000064_merged__chunk_0002.wav,D03,425224,26.57375,8000,1,-19.796335308532658,0.0,0.3689872524577826,0.00017404393433369396,0.10918721100339152,609.2736431054677,0.28763838586476026,3.716533086415501e-09,0.0009543596689781204,26.57375,0.0,D03,False,True,D03_J13_S000064_merged,2
C:\Users\SZ\Documents\his_voice\stt_finetuning_cleaned_v3\D03\D03_J13_S000064_merged__chunk_0003.wav,D03_J13_S000064_merged__chunk_0003.wav,D03,409408,25.58525,8000,1,-17.73803731880826,0.0,0.2317595098738531,0.0004787914911912137,0.17261006151035024,591.1113561378604,0.28875040117991047,7.779813782292232e-10,0.0015149553844047653,25.58525,0.0,D03,False,True,D03_J13_S000064_merged,3
C:\Users\SZ\Documents\his_voice\stt_finetuning_cleaned_v3\D03\D03_J13_S000064_merged__chunk_0004.wav,D03_J13_S000064_merged__chunk_0004.wav,D03,342296,21.39075,8000,1,-24.47812062252345,-0.00026507636037961915,0.4120940125989037,1.1687294741886095e-05,0.11452447041636231,641.1995740642535,0.16601271779481955,3.658582500272053e-10,0.002097408147741207,21.39075,0.0,D03,False,True,D03_J13_S000064_merged,4
C:\Users\SZ\Documents\his_voice\stt_finetuning_cleaned_v3\D03\D03_J13_S000064_merged__chunk_0005.wav,D03_J13_S000064_merged__chunk_0005.wav,D03,49762,3.107375,8000,1,-15.885711013377051,0.0,0.19791624763667082,0.00124703326762943,0.08411778904175718,478.70309018649004,0.27591894174435266,0.0,0.005586556901111573,3.107375,0.0,D03,False,True,D03_J13_S000064_merged,5
C:\Users\SZ\Documents\his_voice\stt_finetuning_cleaned_v3\D03\D03_J13_S000065_merged__chunk_0001.wav,D03_J13_S000065_merged__chunk_0001.wav,D03,407854,25.488125,8000,1,-19.799561776940244,0.0,0.47151369510311175,0.0002550207204335352,0.08672218298807281,445.4470310778817,0.19078596792037,0.0,0.0008315840273277376,25.488125,0.0,D03,False,True,D03_J13_S000065_merged,1
C:\Users\SZ\Documents\his_voice\stt_finetuning_cleaned_v3\D03\D03_J13_S000065_merged__chunk_0002.wav,D03_J13_S000065_merged__chunk_0002.wav,D03,437650,27.350375,8000,1,-17.79900379740438,0.0,0.23943455985521223,0.0010557442082603987,0.18619573861299257,613.4992928505725,0.3039671631743053,0.0,0.0009124210452993007,27.350375,0.0,D03,False,True,D03_J13_S000065_merged,2
C:\Users\SZ\Documents\his_voice\stt_finetuning_cleaned_v3\D03\D03_J13_S000065_merged__chunk_0003.wav,D03_J13_S000065_merged__chunk_0003.wav,D03,459730,28.730375,8000,1,-24.47674551170433,-2.4070159529429445,0.4225884625592252,0.0,0.10305775271708391,664.8267753107592,0.1757345067111627,0.0,0.0020779093959889367,28.730375,0.0,D03,False,True,D03_J13_S000065_merged,3
C:\Users\SZ\Documents\his_voice\stt_finetuning_cleaned_v3\D03\D03_J13_S000065_merged__chunk_0004.wav,D03_J13_S000065_merged__chunk_0004.wav,D03,383356,23.957,8000,1,-16.1800132338005,0.0,0.31286784655841715,0.0027445005635096213,0.10929534841251207,586.3131004839778,0.345261637996321,7.377854191362037e-11,0.0008516738679868537,23.957,0.0,D03,False,True,D03_J13_S000065_merged,4
C:\Users\SZ\Documents\his_voice\stt_finetuning_cleaned_v3\D03\D03_J13_S000065_merged__chunk_0005.wav,D03_J13_S000065_merged__chunk_0005.wav,D03,168962,10.557375,8000,1,-19.713152452674056,0.0,0.3712688997028144,0.000272321481428859,0.11277794880295532,743.0203181505839,0.19501205403650662,0.0,0.0013279287532710284,10.557375,0.0,D03,False,True,D03_J13_S000065_merged,5
C:\Users\SZ\Documents\his_voice\stt_finetuning_cleaned_v3\D03\D03_J13_S000066_merged__chunk_0001.wav,D03_J13_S000066_merged__chunk_0001.wav,D03,316828,19.799,8000,1,-17.694210820052604,0.0,0.33300292944088083,0.00019571695540178798,0.2199746197700627,642.0985550878876,0.27416759707636346,5.376877680439707e-09,0.0026074213035997777,19.799,0.0,D03,False,True,D03_J13_S000066_merged,1
C:\Users\SZ\Documents\his_voice\stt_finetuning_cleaned_v3\D03\D03_J13_S000067_merged__chunk_0001.wav,D03_J13_S000067_merged__chunk_0001.wav,D03,374676,23.4145,8000,1,-24.476747137002324,-6.106375335511639,0.3718422345128019,0.0,0.06695673064089902,250.50885469711704,0.14098676798828988,0.0,0.0007668150854643794,23.4145,0.0,D03,False,True,D03_J13_S000067_merged,1
C:\Users\SZ\Documents\his_voice\stt_finetuning_cleaned_v3\D03\D03_J13_S000067_merged__chunk_0002.wav,D03_J13_S000067_merged__chunk_0002.wav,D03,438478,27.402125,8000,1,-15.922122054997654,0.0,0.25348399074889266,0.0015053577049225198,0.09168582585212758,393.36636596696985,0.23778696274374858,0.0,0.0007186175037667501,27.402125,0.0,D03,False,True,D03_J13_S000067_merged,2
C:\Users\SZ\Documents\his_voice\stt_finetuning_cleaned_v3\D03\D03_J13_S000067_merged__chunk_0003.wav,D03_J13_S000067_merged__chunk_0003.wav,D03,352780,22.046,8000,1,-19.707765053471057,0.0,0.29116392996461943,0.00030617799147237597,0.09426366610533717,466.4988482815746,0.26538567798971907,1.3449646608257832e-09,0.0009730879972718787,22.046,0.0,D03,False,True,D03_J13_S000067_merged,3
C:\Users\SZ\Documents\his_voice\stt_finetuning_cleaned_v3\D03\D03_J13_S000067_merged__chunk_0004.wav,D03_J13_S000067_merged__chunk_0004.wav,D03,416378,26.020875,8000,1,-17.415122672285225,0.0,0.28919089000658127,0.0006629292827393391,0.09086017889568902,489.67331815468935,0.26025620507807895,0.0,0.0008350566241609122,26.020875,0.0,D03,False,True,D03_J13_S000067_merged,4
C:\Users\SZ\Documents\his_voice\stt_finetuning_cleaned_v3\D03\D03_J13_S000067_merged__chunk_0005.wav,D03_J13_S000067_merged__chunk_0005.wav,D03,456352,28.51925,8000,1,-19.6757113853292,0.0,0.23612121637139827,4.8213049080883964e-05,0.09585234469851371,333.9181764058057,0.20425983864546163,3.067794900588124e-10,0.0009742127068293453,28.51925,0.0,D03,False,True,D03_J13_S000067_merged,5
C:\Users\SZ\Documents\his_voice\stt_finetuning_cleaned_v3\D03\D03_J13_S000067_merged__chunk_0006.wav,D03_J13_S000067_merged__chunk_0006.wav,D03,329644,20.6,8000,1,-25.919276136108206,-4.431586860136364,0.3014199029126214,0.0,0.15359923300505465,432.91607628274863,0.26763077938798724,3.5454348136214273e-09,0.0013797334378140747,20.6,0.0,D03,False,True,D03_J13_S000067_merged,6
C:\Users\SZ\Documents\his_voice\stt_finetuning_cleaned_v3\D03\D03_J13_S000067_merged__chunk_0007.wav,D03_J13_S000067_merged__chunk_0007.wav,D03,440524,27.53,8000,1,-22.359066220869273,-3.206484199440607,0.30500817290228843,0.0,0.1759043584469599,398.59411972656346,0.23271675478455703,2.0854077684429396e-10,0.0017869257589247843,27.53,0.0,D03,False,True,D03_J13_S000067_merged,7
C:\Users\SZ\Documents\his_voice\stt_finetuning_cleaned_v3\D03\D03_J13_S000067_merged__chunk_0008.wav,D03_J13_S000067_merged__chunk_0008.wav,D03,392308,24.5165,8000,1,-19.751349259065453,-0.2514473141128296,0.32685640283074663,0.0,0.0856978244132748,437.4282179598532,0.2046961771155999,0.0,0.001716483479473143,24.5165,0.0,D03,False,True,D03_J13_S000067_merged,8
C:\Users\SZ\Documents\his_voice\stt_finetuning_cleaned_v3\D03\D03_J13_S000068_merged__chunk_0001.wav,D03_J13_S000068_merged__chunk_0001.wav,D03,429630,26.849125,8000,1,-15.917274545723068,0.0,0.23651143193679497,0.0013547927539538068,0.09053875377109018,468.18126480524523,0.3031127734621312,0.0,0.000790076125808117,26.849125,0.0,D03,False,True,D03_J13_S000068_merged,1
C:\Users\SZ\Documents\his_voice\stt_finetuning_cleaned_v3\D03\D03_J13_S000068_merged__chunk_0002.wav,D03_J13_S000068_merged__chunk_0002.wav,D03,54840,3.42475,8000,1,-19.681052109677005,0.0,0.22994379151762903,0.00010949704357982334,0.08690732561959338,356.67922569116723,0.11675671072057998,6.21970820381693e-12,0.007649224474162444,3.42475,0.0,D03,False,True,D03_J13_S000068_merged,2
C:\Users\SZ\Documents\his_voice\stt_finetuning_cleaned_v3\D03\D03_J13_S000069_merged__chunk_0001.wav,D03_J13_S000069_merged__chunk_0001.wav,D03,417738,26.105875,8000,1,-19.678574662909156,0.0,0.41809554362763174,1.915277691324271e-05,0.09920707123909484,542.630513413928,0.17510572109354774,0.0,0.0007571456683530255,26.105875,0.0,D03,False,True,D03_J13_S000069_merged,1
C:\Users\SZ\Documents\his_voice\stt_finetuning_cleaned_v3\D03\D03_J13_S000069_merged__chunk_0002.wav,D03_J13_S000069_merged__chunk_0002.wav,D03,342600,21.40975,8000,1,-17.66446300044669,0.0,0.2036280199441843,0.001372038440430178,0.10039293074960444,532.1876982491183,0.3473179116180003,2.741689403469981e-10,0.0008704549810615636,21.40975,0.0,D03,False,True,D03_J13_S000069_merged,2
C:\Users\SZ\Documents\his_voice\stt_finetuning_cleaned_v3\D03\D03_J13_S000069_merged__chunk_0003.wav,D03_J13_S000069_merged__chunk_0003.wav,D03,322444,20.15,8000,1,-19.799339812154383,0.0,0.43240694789081885,0.000837468982630273,0.09242613167575481,527.1872899364351,0.2846117883705698,0.0,0.0009549499826270703,20.15,0.0,D03,False,True,D03_J13_S000069_merged,3
C:\Users\SZ\Documents\his_voice\stt_finetuning_cleaned_v3\D03\D03_J13_S000069_merged__chunk_0004.wav,D03_J13_S000069_merged__chunk_0004.wav,D03,385792,24.10925,8000,1,-25.921776863909493,0.0,0.5139521138152369,2.592366000601429e-05,0.20599565517205623,556.0861056398859,0.21303153471152883,3.4840261772658585e-10,0.0012845461113517695,24.10925,0.0,D03,False,True,D03_J13_S000069_merged,4
C:\Users\SZ\Documents\his_voice\stt_finetuning_cleaned_v3\D03\D03_J13_S000069_merged__chunk_0005.wav,D03_J13_S000069_merged__chunk_0005.wav,D03,338530,21.155375,8000,1,-22.1818607225449,0.0,0.501426942325532,0.0003308851769349397,0.23616478179175382,594.5065933384994,0.26733549875344775,0.0,0.001085372357322639,21.155375,0.0,D03,False,True,D03_J13_S000069_merged,5
C:\Users\SZ\Documents\his_voice\stt_finetuning_cleaned_v3\D03\D03_J13_S000069_merged__chunk_0006.wav,D03_J13_S000069_merged__chunk_0006.wav,D03,175640,10.97475,8000,1,-20.38521513115546,0.0,0.3047108134581653,0.0015262306658466024,0.10818137293984988,695.3179480942235,0.3888610935168702,8.024241094475633e-08,0.0013593330652737095,10.97475,0.0,D03,False,True,D03_J13_S000069_merged,6
C:\Users\SZ\Documents\his_voice\stt_finetuning_cleaned_v3\D03\D03_J13_S000070_merged__chunk_0001.wav,D03_J13_S000070_merged__chunk_0001.wav,D03,384446,24.025125,8000,1,-17.31433066704253,-0.011936452191171508,0.29393707628992566,0.0,0.06799687825182102,214.76275914648446,0.12160213578494311,0.0,0.0007823382638927967,24.025125,0.0,D03,False,True,D03_J13_S000070_merged,1
C:\Users\SZ\Documents\his_voice\stt_finetuning_cleaned_v3\D03\D03_J13_S000070_merged__chunk_0002.wav,D03_J13_S000070_merged__chunk_0002.wav,D03,362254,22.638125,8000,1,-19.671684316488335,0.0,0.2712349189696585,2.208663482510146e-05,0.08162160968283418,319.45630946559567,0.2250018221192822,0.0,0.0008538915565181798,22.638125,0.0,D03,False,True,D03_J13_S000070_merged,2
C:\Users\SZ\Documents\his_voice\stt_finetuning_cleaned_v3\D03\D03_J13_S000070_merged__chunk_0003.wav,D03_J13_S000070_merged__chunk_0003.wav,D03,406166,25.382625,8000,1,-25.9185092369772,-3.269595810257143,0.3234397545565126,0.0,0.16049935979513444,426.5276954189424,0.2551775246710916,0.0,0.0014299700069529734,25.382625,0.0,D03,False,True,D03_J13_S000070_merged,3
C:\Users\SZ\Documents\his_voice\stt_finetuning_cleaned_v3\D03\D03_J13_S000070_merged__chunk_0004.wav,D03_J13_S000070_merged__chunk_0004.wav,D03,363274,22.701875,8000,1,-22.364831810134923,-0.00026507636037961915,0.3160201525204416,1.6518459378355312e-05,0.17208475117557018,356.4262092656843,0.23207568218586774,0.0,0.001304651425893798,22.701875,0.0,D03,False,True,D03_J13_S000070_merged,4
C:\Users\SZ\Documents\his_voice\stt_finetuning_cleaned_v3\D03\D03_J13_S000070_merged__chunk_0005.wav,D03_J13_S000070_merged__chunk_0005.wav,D03,410968,25.68275,8000,1,-19.751693266488132,-0.00026507636037961915,0.19987637616688245,4.867080043998404e-06,0.09383775996417812,304.7400092068749,0.20971742824594464,0.0,0.0015183233428421366,25.68275,0.0,D03,False,True,D03_J13_S000070_merged,5
C:\Users\SZ\Documents\his_voice\stt_finetuning_cleaned_v3\D03\D03_J13_S000070_merged__chunk_0006.wav,D03_J13_S000070_merged__chunk_0006.wav,D03,420154,26.256875,8000,1,-24.16246630428407,-4.109160123570759,0.24265549498940753,0.0,0.10086453959458044,409.8490007436133,0.24698771474337475,0.0,0.0012105000289745372,26.256875,0.0,D03,False,True,D03_J13_S000070_merged,6
C:\Users\SZ\Documents\his_voice\stt_finetuning_cleaned_v3\D03\D03_J13_S000070_merged__chunk_0007.wav,D03_J13_S000070_merged__chunk_0007.wav,D03,419726,26.230125,8000,1,-14.224195570061589,0.0,0.17246867866622823,0.001305750544459853,0.0843356843309188,386.8807542743244,0.3097773563470302,0.0,0.0015389829742463352,26.230125,0.0,D03,False,True,D03_J13_S000070_merged,7
C:\Users\SZ\Documents\his_voice\stt_finetuning_cleaned_v3\D03\D03_J13_S000070_merged__chunk_0008.wav,D03_J13_S000070_merged__chunk_0008.wav,D03,49376,3.08325,8000,1,-19.38433345730216,-0.3764935258042241,0.24811481391388956,0.0,0.16270018244475978,406.1064512514161,0.2635998923610892,0.0,0.0048515339635863295,3.08325,0.0,D03,False,True,D03_J13_S000070_merged,8
C:\Users\SZ\Documents\his_voice\stt_finetuning_cleaned_v3\D03\D03_J13_S000071_merged__chunk_0001.wav,D03_J13_S000071_merged__chunk_0001.wav,D03,426548,26.6565,8000,1,-19.67519582129455,0.0,0.21207304034663216,5.627145349164369e-05,0.10021992862870514,492.9316394398513,0.22307504935563702,0.0,0.0013254702441163027,26.6565,0.0,D03,False,True,D03_J13_S000071_merged,1
C:\Users\SZ\Documents\his_voice\stt_finetuning_cleaned_v3\D03\D03_J13_S000071_merged__chunk_0002.wav,D03_J13_S000071_merged__chunk_0002.wav,D03,305902,19.116125,8000,1,-25.918795137244132,-6.511896423402073,0.33963473245754566,0.0,0.17765222849968612,540.9858711724037,0.28839268264631807,0.0,0.0015791714946044243,19.116125,0.0,D03,False,True,D03_J13_S000071_merged,2
C:\Users\SZ\Documents\his_voice\stt_finetuning_cleaned_v3\D03\D03_J13_S000072_merged__chunk_0001.wav,D03_J13_S000072_merged__chunk_0001.wav,D03,374860,23.426,8000,1,-25.490267327436715,0.0,0.39410804234611113,2.667975753436353e-05,0.2228518678597918,658.7387676156208,0.3385140918927308,4.388181886998756e-11,0.009108881203504912,23.426,0.0,D03,False,True,D03_J13_S000072_merged,1
C:\Users\SZ\Documents\his_voice\stt_finetuning_cleaned_v3\D03\D03_J13_S000072_merged__chunk_0002.wav,D03_J13_S000072_merged__chunk_0002.wav,D03,405676,25.352,8000,1,-22.358167921809514,-2.8118330978925608,0.23307332754812243,0.0,0.2061484604195942,659.1858814640307,0.2847737672771684,1.9059526038698753e-10,0.0009755214605023014,25.352,0.0,D03,False,True,D03_J13_S000072_merged,2
C:\Users\SZ\Documents\his_voice\stt_finetuning_cleaned_v3\D03\D03_J13_S000072_merged__chunk_0003.wav,D03_J13_S000072_merged__chunk_0003.wav,D03,284776,17.79575,8000,1,-19.75824332643992,0.0,0.28810249638256324,7.72656392678027e-05,0.12021915498893689,551.0691658405765,0.311801708919911,0.0,0.0021802534802465006,17.79575,0.0,D03,False,True,D03_J13_S000072_merged,3
C:\Users\SZ\Documents\his_voice\stt_finetuning_cleaned_v3\D03\D03_J13_S000073_merged__chunk_0001.wav,D03_J13_S000073_merged__chunk_0001.wav,D03,446446,27.900125,8000,1,-22.225579743091707,0.0,0.2992280500535392,0.00010304613330585437,0.17377240143369177,538.1196764966032,0.2611689039665302,0.0,0.0011299262856551088,27.900125,0.0,D03,False,True,D03_J13_S000073_merged,1
C:\Users\SZ\Documents\his_voice\stt_finetuning_cleaned_v3\D03\D03_J13_S000073_merged__chunk_0002.wav,D03_J13_S000073_merged__chunk_0002.wav,D03,397318,24.829625,8000,1,-19.764462620409585,0.0,0.37734158288737746,0.00017116649969542433,0.10993475502929982,571.8105486480216,0.19936822738741583,0.0,0.0008711028322647579,24.829625,0.0,D03,False,True,D03_J13_S000073_merged,2
C:\Users\SZ\Documents\his_voice\stt_finetuning_cleaned_v3\D03\D03_J13_S000073_merged__chunk_0003.wav,D03_J13_S000073_merged__chunk_0003.wav,D03,134368,8.39525,8000,1,-24.16246212417488,-4.2736453104340715,0.45573389714421847,0.0,0.11079346644630068,544.2920539343946,0.2053368071912585,4.713993420570444e-11,0.003452186662026318,8.39525,0.0,D03,False,True,D03_J13_S000073_merged,3
C:\Users\SZ\Documents\his_voice\stt_finetuning_cleaned_v3\D03\D03_J13_S000074_merged__chunk_0001.wav,D03_J13_S000074_merged__chunk_0001.wav,D03,387724,24.23,8000,1,-19.820001136460036,0.0,0.2396770532397854,0.0004900949236483698,0.11879962236701593,552.3864432953517,0.34235126613827754,0.0,0.0011575760909613686,24.23,0.0,D03,False,True,D03_J13_S000074_merged,1
C:\Users\SZ\Documents\his_voice\stt_finetuning_cleaned_v3\D03\D03_J13_S000074_merged__chunk_0002.wav,D03_J13_S000074_merged__chunk_0002.wav,D03,317100,19.816,8000,1,-24.162447493808564,-2.8883807098678345,0.3557226483649576,0.0,0.11341285711582254,584.6803368818285,0.26984175134876925,1.3848497736391468e-09,0.0010802629900330007,19.816,0.0,D03,False,True,D03_J13_S000074_merged,2
C:\Users\SZ\Documents\his_voice\stt_finetuning_cleaned_v3\D03\D03_J13_S000075_merged__chunk_0001.wav,D03_J13_S000075_merged__chunk_0001.wav,D03,443476,27.7145,8000,1,-24.24982694038492,0.0,0.366126035107976,0.00020296234822926628,0.10862593870509438,567.3753831258651,0.24943030759096782,0.0,0.0008979027206273387,27.7145,0.0,D03,False,True,D03_J13_S000075_merged,1
C:\Users\SZ\Documents\his_voice\stt_finetuning_cleaned_v3\D03\D03_J13_S000075_merged__chunk_0002.wav,D03_J13_S000075_merged__chunk_0002.wav,D03,244444,15.275,8000,1,-14.822959342606588,0.0,0.29126022913256955,0.0042635024549918165,0.09958346631314495,532.1194891427342,0.34845691989187927,6.942235376559773e-10,0.0012726620569433566,15.275,0.0,D03,False,True,D03_J13_S000075_merged,2
C:\Users\SZ\Documents\his_voice\stt_finetuning_cleaned_v3\D03\D03_J13_S000076_merged__chunk_0001.wav,D03_J13_S000076_merged__chunk_0001.wav,D03,331488,20.71525,8000,1,-15.14328572376125,0.0,0.36481577581733265,0.008206514524323867,0.08202340077600304,423.6779358326498,0.23489765667077073,4.062042898213349e-08,0.0007936684218424438,20.71525,0.0,D03,False,True,D03_J13_S000076_merged,1
C:\Users\SZ\Documents\his_voice\stt_finetuning_cleaned_v3\D03\D03_J13_S000076_merged__chunk_0002.wav,D03_J13_S000076_merged__chunk_0002.wav,D03,453250,28.325375,8000,1,-19.412205840985685,0.0,0.39752783502424943,0.00038393136895804555,0.22480825411955763,445.42908365885756,0.2516298831930226,0.0,0.0012153579878956943,28.325375,0.0,D03,False,True,D03_J13_S000076_merged,2
C:\Users\SZ\Documents\his_voice\stt_finetuning_cleaned_v3\D03\D03_J13_S000076_merged__chunk_0003.wav,D03_J13_S000076_merged__chunk_0003.wav,D03,338290,21.140375,8000,1,-15.123723677557926,0.0,0.3058543190459015,0.0014782140808760487,0.09678220456238691,596.449393760099,0.2659602174869326,0.0,0.0010474578841025532,21.140375,0.0,D03,False,True,D03_J13_S000076_merged,3
C:\Users\SZ\Documents\his_voice\stt_finetuning_cleaned_v3\D03\D03_J13_S000077_merged__chunk_0001.wav,D03_J13_S000077_merged__chunk_0001.wav,D03,368056,23.00075,8000,1,-19.287868697254815,0.0,0.20787365629381652,9.782289707944306e-05,0.16058259286432433,485.7856943104822,0.29757375584613155,1.6891429313551612e-09,0.004205565605485543,23.00075,0.0,D03,False,True,D03_J13_S000077_merged,1
C:\Users\SZ\Documents\his_voice\stt_finetuning_cleaned_v3\D03\D03_J13_S000077_merged__chunk_0002.wav,D03_J13_S000077_merged__chunk_0002.wav,D03,412820,25.7985,8000,1,-15.142027170627719,0.0,0.19900866329437758,0.001991394848537706,0.11426591791149636,494.2837120776699,0.20420424558245817,9.084387379443722e-11,0.0009235330330856167,25.7985,0.0,D03,False,True,D03_J13_S000077_merged,2
C:\Users\SZ\Documents\his_voice\stt_finetuning_cleaned_v3\D03\D03_J13_S000077_merged__chunk_0003.wav,D03_J13_S000077_merged__chunk_0003.wav,D03,46328,2.89275,8000,1,-23.524757779753273,-8.085765507642598,0.4624492265145623,0.0,0.10993474785013613,561.798603130511,0.2767601433948306,2.0573842242219152e-10,0.02107620177616736,2.89275,0.0,D03,False,True,D03_J13_S000077_merged,3
C:\Users\SZ\Documents\his_voice\stt_finetuning_cleaned_v3\D03\D03_J13_S000078_merged__chunk_0001.wav,D03_J13_S000078_merged__chunk_0001.wav,D03,368128,23.00525,8000,1,-15.078550874069176,0.0,0.2831690592364786,0.0007715630127905587,0.06434435805065175,255.73166878571556,0.17137690158663643,0.0,0.0011238654225671479,23.00525,0.0,D03,False,True,D03_J13_S000078_merged,1
C:\Users\SZ\Documents\his_voice\stt_finetuning_cleaned_v3\D03\D03_J13_S000078_merged__chunk_0002.wav,D03_J13_S000078_merged__chunk_0002.wav,D03,462402,28.897375,8000,1,-24.950006149096495,-6.001535643525919,0.3101665808745604,0.0,0.08342921904333457,310.44266661791244,0.20791070634793107,0.0,0.0017799143568004896,28.897375,0.0,D03,False,True,D03_J13_S000078_merged,2
C:\Users\SZ\Documents\his_voice\stt_finetuning_cleaned_v3\D03\D03_J13_S000078_merged__chunk_0003.wav,D03_J13_S000078_merged__chunk_0003.wav,D03,433416,27.08575,8000,1,-25.77822772271261,-3.346407661810078,0.31718246679527057,0.0,0.15398850866465144,304.90055608411666,0.2131433947885572,0.0,0.0014385546182175018,27.08575,0.0,D03,False,True,D03_J13_S000078_merged,3
C:\Users\SZ\Documents\his_voice\stt_finetuning_cleaned_v3\D03\D03_J13_S000078_merged__chunk_0004.wav,D03_J13_S000078_merged__chunk_0004.wav,D03,180514,11.279375,8000,1,-23.460470862818962,-4.645236370125883,0.3467390702055743,0.0,0.07922734224350023,376.93840218336663,0.10698998352023842,0.0,0.0023065164071388766,11.279375,0.0,D03,False,True,D03_J13_S000078_merged,4
C:\Users\SZ\Documents\his_voice\stt_finetuning_cleaned_v3\D03\D03_J13_S000079_merged__chunk_0001.wav,D03_J13_S000079_merged__chunk_0001.wav,D03,393162,24.569875,8000,1,-24.917082273445075,-2.5783059973847826,0.43130052554194925,0.0,0.089485037495294,389.0121796220011,0.1975084992353991,0.0,0.001608174634680523,24.569875,0.0,D03,False,True,D03_J13_S000079_merged,1
C:\Users\SZ\Documents\his_voice\stt_finetuning_cleaned_v3\D03\D03_J13_S000079_merged__chunk_0002.wav,D03_J13_S000079_merged__chunk_0002.wav,D03,372674,23.289375,8000,1,-25.820225561479837,0.0,0.5022891339935056,7.514156133429944e-05,0.1934583552497397,473.47552692659985,0.24370295470401124,0.0,0.000586979672146346,23.289375,0.0,D03,False,True,D03_J13_S000079_merged,2
C:\Users\SZ\Documents\his_voice\stt_finetuning_cleaned_v3\D03\D03_J13_S000079_merged__chunk_0003.wav,D03_J13_S000079_merged__chunk_0003.wav,D03,328172,20.508,8000,1,-23.464187458014393,0.0,0.45148844353423057,2.4380729471425787e-05,0.08360812614666317,395.2872951714466,0.14501567771133017,9.266507015753476e-12,0.0007614323523320242,20.508,0.0,D03,False,True,D03_J13_S000079_merged,3
C:\Users\SZ\Documents\his_voice\stt_finetuning_cleaned_v3\D03\D03_J13_S000079_merged__chunk_0004.wav,D03_J13_S000079_merged__chunk_0004.wav,D03,339876,21.2395,8000,1,-16.153665096020802,0.0,0.3162680383248193,0.003248664045763789,0.21101727334255363,435.14485534827736,0.29457628536597696,1.8734203865373316e-09,0.0011623005671518903,21.2395,0.0,D03,False,True,D03_J13_S000079_merged,4
C:\Users\SZ\Documents\his_voice\stt_finetuning_cleaned_v3\D03\D03_J13_S000079_merged__chunk_0005.wav,D03_J13_S000079_merged__chunk_0005.wav,D03,332334,20.768125,8000,1,-25.464743016171532,-1.1431932113597907,0.3493033193896897,0.0,0.09101141178736517,471.1987047354216,0.1688894979305492,0.0,0.0019235421027605664,20.768125,0.0,D03,False,True,D03_J13_S000079_merged,5
C:\Users\SZ\Documents\his_voice\stt_finetuning_cleaned_v3\D03\D03_J13_S000079_merged__chunk_0006.wav,D03_J13_S000079_merged__chunk_0006.wav,D03,460574,28.783125,8000,1,-15.462395271816941,0.0,0.3122576162247845,0.0033352876034134582,0.09070023972483758,387.7229273751702,0.1974439632930227,0.0,0.0020719922075728746,28.783125,0.0,D03,False,True,D03_J13_S000079_merged,6
C:\Users\SZ\Documents\his_voice\stt_finetuning_cleaned_v3\D03\D03_J13_S000079_merged__chunk_0007.wav,D03_J13_S000079_merged__chunk_0007.wav,D03,346970,21.682875,8000,1,-20.466790036696697,0.0,0.3441771444054352,0.0005534321440307155,0.09271194843827467,543.1327887731599,0.22210009765214586,0.0,0.0008597552263253924,21.682875,0.0,D03,False,True,D03_J13_S000079_merged,7
C:\Users\SZ\Documents\his_voice\stt_finetuning_cleaned_v3\D03\D03_J13_S000080_merged__chunk_0001.wav,D03_J13_S000080_merged__chunk_0001.wav,D03,357156,22.3195,8000,1,-25.777818031583198,-5.7225305412706895,0.2874952395887005,0.0,0.1474503654336199,342.34923028162905,0.23989051429518493,0.0,0.0010840889098600618,22.3195,0.0,D03,False,True,D03_J13_S000080_merged,1
C:\Users\SZ\Documents\his_voice\stt_finetuning_cleaned_v3\D03\D03_J13_S000080_merged__chunk_0002.wav,D03_J13_S000080_merged__chunk_0002.wav,D03,343094,21.440625,8000,1,-23.463343733327157,-0.00026507636037961915,0.3103687509109459,4.081037749599184e-05,0.08307875282759264,269.9644102559644,0.10322293283421874,0.0,0.0012526583632607945,21.440625,0.0,D03,False,True,D03_J13_S000080_merged,2
C:\Users\SZ\Documents\his_voice\stt_finetuning_cleaned_v3\D03\D03_J13_S000080_merged__chunk_0003.wav,D03_J13_S000080_merged__chunk_0003.wav,D03,357240,22.32475,8000,1,-15.913930362578423,0.0,0.2395379567520353,0.0015005767141849293,0.17029961309540473,325.6175321465655,0.2666654104694405,3.900452783204097e-09,0.0010721609299568502,22.32475,0.0,D03,False,True,D03_J13_S000080_merged,3
C:\Users\SZ\Documents\his_voice\stt_finetuning_cleaned_v3\D03\D03_J13_S000080_merged__chunk_0004.wav,D03_J13_S000080_merged__chunk_0004.wav,D03,356532,22.2805,8000,1,-25.464748479461168,-3.4822869955745173,0.3153878952447207,0.0,0.08574810792008662,348.67479087511566,0.17499004382132635,8.755145409726611e-11,0.001170071243351624,22.2805,0.0,D03,False,True,D03_J13_S000080_merged,4
C:\Users\SZ\Documents\his_voice\stt_finetuning_cleaned_v3\D03\D03_J13_S000080_merged__chunk_0005.wav,D03_J13_S000080_merged__chunk_0005.wav,D03,191024,11.93625,8000,1,-15.220537255069704,0.0,0.19446015289559115,0.0008901455649806263,0.09868152352627003,381.99900071587393,0.1908264157200924,5.668423774871954e-10,0.002410805944787645,11.93625,0.0,D03,False,True,D03_J13_S000080_merged,5
C:\Users\SZ\Documents\his_voice\stt_finetuning_cleaned_v3\D03\D03_J13_S000081_merged__chunk_0001.wav,D03_J13_S000081_merged__chunk_0001.wav,D03,415076,25.9395,8000,1,-23.460478573951132,-2.1265740742903283,0.2769473197247441,0.0,0.10018552875695733,466.38917208464716,0.12589472811255017,7.158199515802647e-13,0.001127164929618307,25.9395,0.0,D03,False,True,D03_J13_S000081_merged,1
C:\Users\SZ\Documents\his_voice\stt_finetuning_cleaned_v3\D03\D03_J13_S000081_merged__chunk_0002.wav,D03_J13_S000081_merged__chunk_0002.wav,D03,114692,7.1655,8000,1,-15.954271705353744,0.0,0.17270253297048357,0.002599260344707278,0.15337648064476736,376.7298742612373,0.2828624871656875,4.248580543337756e-09,0.0034968246136548023,7.1655,0.0,D03,False,True,D03_J13_S000081_merged,2
C:\Users\SZ\Documents\his_voice\stt_finetuning_cleaned_v3\D03\D03_J13_S000082_merged__chunk_0001.wav,D03_J13_S000082_merged__chunk_0001.wav,D03,398346,24.893875,8000,1,-15.860114824370378,0.0,0.2962174430457291,0.0014260535975214787,0.21213155912628673,545.9836000538456,0.3185437571271194,0.0,0.0019326482916205145,24.893875,0.0,D03,False,True,D03_J13_S000082_merged,1
C:\Users\SZ\Documents\his_voice\stt_finetuning_cleaned_v3\D03\D03_J13_S000083_merged__chunk_0001.wav,D03_J13_S000083_merged__chunk_0001.wav,D03,349722,21.854875,8000,1,-25.464749086493562,-4.23773438084939,0.31229302386767255,0.0,0.1017513355220261,471.25827128555454,0.17600407831395765,0.0,0.0010260590661848744,21.854875,0.0,D03,False,True,D03_J13_S000083_merged,1
C:\Users\SZ\Documents\his_voice\stt_finetuning_cleaned_v3\D03\D03_J13_S000083_merged__chunk_0002.wav,D03_J13_S000083_merged__chunk_0002.wav,D03,286742,17.918625,8000,1,-15.408903477656251,0.0,0.29086355677402703,0.0023299778861380267,0.0880235510784943,416.83796537136993,0.21855087722157665,0.0,0.0014988171939108942,17.918625,0.0,D03,False,True,D03_J13_S000083_merged,2
C:\Users\SZ\Documents\his_voice\stt_finetuning_cleaned_v3\D03\D03_J13_S000084_merged__chunk_0001.wav,D03_J13_S000084_merged__chunk_0001.wav,D03,421192,26.32175,8000,1,-15.263000361192363,0.0,0.2744688328093687,0.0015718939660166972,0.09095658037830111,525.7992338552272,0.26926753889411986,1.3836721800787135e-09,0.000820811326135586,26.32175,0.0,D03,False,True,D03_J13_S000084_merged,1
C:\Users\SZ\Documents\his_voice\stt_finetuning_cleaned_v3\D03\D03_J13_S000084_merged__chunk_0002.wav,D03_J13_S000084_merged__chunk_0002.wav,D03,413230,25.824125,8000,1,-20.441727003665953,0.0,0.3897566713296191,0.0004888839408886071,0.09892929058240396,613.4750631420035,0.25709371196919095,0.0,0.00090022583160228,25.824125,0.0,D03,False,True,D03_J13_S000084_merged,2
C:\Users\SZ\Documents\his_voice\stt_finetuning_cleaned_v3\D03\D03_J13_S000084_merged__chunk_0003.wav,D03_J13_S000084_merged__chunk_0003.wav,D03,376720,23.54225,8000,1,-23.900554124052086,0.0,0.40802705773662246,3.185761768734934e-05,0.09200528839261536,492.5120737347143,0.17022629274583845,2.7519190756813285e-11,0.0014870685712236268,23.54225,0.0,D03,False,True,D03_J13_S000084_merged,3
C:\Users\SZ\Documents\his_voice\stt_finetuning_cleaned_v3\D03\D03_J13_S000084_merged__chunk_0004.wav,D03_J13_S000084_merged__chunk_0004.wav,D03,366540,22.906,8000,1,-16.859184516655084,0.0,0.36528093076049944,0.0027612852527721995,0.22803647535839605,441.556374929148,0.2304816221420177,7.34720984058374e-09,0.0012128361723836678,22.906,0.0,D03,False,True,D03_J13_S000084_merged,4
C:\Users\SZ\Documents\his_voice\stt_finetuning_cleaned_v3\D03\D03_J13_S000084_merged__chunk_0005.wav,D03_J13_S000084_merged__chunk_0005.wav,D03,341696,21.35325,8000,1,-17.619278140911703,0.0,0.39862784353669817,0.000842963014997717,0.09238109176057369,503.5746207474898,0.15035426026372634,8.755988228607035e-10,0.0021640821837512255,21.35325,0.0,D03,False,True,D03_J13_S000084_merged,5
C:\Users\SZ\Documents\his_voice\stt_finetuning_cleaned_v3\D03\D03_J13_S000084_merged__chunk_0006.wav,D03_J13_S000084_merged__chunk_0006.wav,D03,320922,20.054875,8000,1,-16.767200499728027,0.0,0.26785257948503793,0.0008663728893847505,0.10493773295603286,525.9672485866366,0.24973558083560465,0.0,0.0030379604575070124,20.054875,0.0,D03,False,True,D03_J13_S000084_merged,6
C:\Users\SZ\Documents\his_voice\stt_finetuning_cleaned_v3\D03\D03_J13_S000084_merged__chunk_0007.wav,D03_J13_S000084_merged__chunk_0007.wav,D03,352222,22.011125,8000,1,-17.918167075446004,0.0,0.4152956743464952,0.0009824577344411064,0.0815785289173595,547.8204234810034,0.23285376139101172,0.0,0.0013638100434633686,22.011125,0.0,D03,False,True,D03_J13_S000084_merged,7
C:\Users\SZ\Documents\his_voice\stt_finetuning_cleaned_v3\D03\D03_J13_S000084_merged__chunk_0008.wav,D03_J13_S000084_merged__chunk_0008.wav,D03,387680,24.22725,8000,1,-15.885604625720674,0.0,0.2641550320403678,0.003668389932823577,0.10458834880325256,447.9044152203214,0.2639954787474988,9.523558444105752e-11,0.0010482960970910548,24.22725,0.0,D03,False,True,D03_J13_S000084_merged,8
C:\Users\SZ\Documents\his_voice\stt_finetuning_cleaned_v3\D03\D03_J13_S000084_merged__chunk_0009.wav,D03_J13_S000084_merged__chunk_0009.wav,D03,328384,20.52125,8000,1,-25.089780389779808,-6.219544626215077,0.3227020771151855,0.0,0.1138704627548441,599.1515812377199,0.19975873593340387,0.0,0.001818880251009369,20.52125,0.0,D03,False,True,D03_J13_S000084_merged,9
C:\Users\SZ\Documents\his_voice\stt_finetuning_cleaned_v3\D03\D03_J13_S000084_merged__chunk_0010.wav,D03_J13_S000084_merged__chunk_0010.wav,D03,126286,7.890125,8000,1,-19.48186573843006,-0.4646900271125049,0.43305714421507896,0.0,0.0858998732572877,547.766463835417,0.31315648488921954,0.0,0.0019545034345633014,7.890125,0.0,D03,False,True,D03_J13_S000084_merged,10
C:\Users\SZ\Documents\his_voice\stt_finetuning_cleaned_v3\D03\D03_J13_S000085_merged__chunk_0001.wav,D03_J13_S000085_merged__chunk_0001.wav,D03,467718,29.229625,8000,1,-20.35337003193969,0.0,0.37830197958406925,0.00020099470999029238,0.09616141227184864,604.8418378172149,0.2756170507342675,0.0,0.0011676040066049026,29.229625,0.0,D03,False,True,D03_J13_S000085_merged,1
C:\Users\SZ\Documents\his_voice\stt_finetuning_cleaned_v3\D03\D03_J13_S000085_merged__chunk_0002.wav,D03_J13_S000085_merged__chunk_0002.wav,D03,61200,3.82225,8000,1,-23.895750171220232,-7.257117140644963,0.49663156517757867,0.0,0.0852601628675148,571.8627599167772,0.18073718983253426,5.773792710361223e-10,0.011355343098740768,3.82225,0.0,D03,False,True,D03_J13_S000085_merged,2
C:\Users\SZ\Documents\his_voice\stt_finetuning_cleaned_v3\D03\D03_J13_S000086_merged__chunk_0001.wav,D03_J13_S000086_merged__chunk_0001.wav,D03,360966,22.557625,8000,1,-23.89575827862997,-3.5036866797477604,0.46109131612924675,0.0,0.08156378144741216,421.73493623118054,0.12834786770938603,0.0,0.0009791581475990167,22.557625,0.0,D03,False,True,D03_J13_S000086_merged,1
C:\Users\SZ\Documents\his_voice\stt_finetuning_cleaned_v3\D03\D03_J13_S000086_merged__chunk_0002.wav,D03_J13_S000086_merged__chunk_0002.wav,D03,373386,23.333875,8000,1,-16.84574817769034,0.0,0.3357618483856625,0.002566011860438954,0.2163711362297102,482.4177783518412,0.25789998742620285,0.0,0.0012462161019315822,23.333875,0.0,D03,False,True,D03_J13_S000086_merged,2
C:\Users\SZ\Documents\his_voice\stt_finetuning_cleaned_v3\D03\D03_J13_S000086_merged__chunk_0003.wav,D03_J13_S000086_merged__chunk_0003.wav,D03,352170,22.007875,8000,1,-17.68217081034424,0.0,0.28506841301125163,0.001022361313847884,0.10187320375776715,560.1746852587414,0.2795981578159252,0.0,0.0007402780084971964,22.007875,0.0,D03,False,True,D03_J13_S000086_merged,3
C:\Users\SZ\Documents\his_voice\stt_finetuning_cleaned_v3\D03\D03_J13_S000086_merged__chunk_0004.wav,D03_J13_S000086_merged__chunk_0004.wav,D03,224852,14.0505,8000,1,-16.81429404414127,0.0,0.158099355894808,0.0010853706273798085,0.1274521142674128,647.0292713362869,0.24486270708751753,8.06579030201603e-12,0.00486097682329387,14.0505,0.0,D03,False,True,D03_J13_S000086_merged,4
C:\Users\SZ\Documents\his_voice\stt_finetuning_cleaned_v3\D03\D03_J13_S000087_merged__chunk_0001.wav,D03_J13_S000087_merged__chunk_0001.wav,D03,456988,28.559,8000,1,-17.298492417696636,0.0,0.26858433418537064,0.0034883924507160616,0.17504190903878392,508.1070702538424,0.27760798719866797,8.490917991719943e-10,0.0010014690748332753,28.559,0.0,D03,False,True,D03_J13_S000087_merged,1
C:\Users\SZ\Documents\his_voice\stt_finetuning_cleaned_v3\D03\D03_J13_S000087_merged__chunk_0002.wav,D03_J13_S000087_merged__chunk_0002.wav,D03,458662,28.663625,8000,1,-18.0953827659871,0.0,0.31295762486426615,0.0023418182452498593,0.10314947581418878,502.8346235995668,0.3510129819938887,0.0,0.001181805377879972,28.663625,0.0,D03,False,True,D03_J13_S000087_merged,2
C:\Users\SZ\Documents\his_voice\stt_finetuning_cleaned_v3\D03\D03_J13_S000087_merged__chunk_0003.wav,D03_J13_S000087_merged__chunk_0003.wav,D03,354584,22.15875,8000,1,-16.76351171974951,0.0,0.20941501664128165,0.0004005189823433181,0.12131280708979009,646.4982240291221,0.36484261484118863,1.3943337865743714e-08,0.0017615420645074355,22.15875,0.0,D03,False,True,D03_J13_S000087_merged,3
C:\Users\SZ\Documents\his_voice\stt_finetuning_cleaned_v3\D03\D03_J13_S000087_merged__chunk_0004.wav,D03_J13_S000087_merged__chunk_0004.wav,D03,108214,6.760625,8000,1,-17.818459173795674,-0.00026507636037961915,0.33334565960987333,5.5468244430063787e-05,0.09692330448931293,448.284778417926,0.2403082520765522,0.0,0.0032129330747831075,6.760625,0.0,D03,False,True,D03_J13_S000087_merged,4
C:\Users\SZ\Documents\his_voice\stt_finetuning_cleaned_v3\D03\D03_J13_S000088_merged__chunk_0001.wav,D03_J13_S000088_merged__chunk_0001.wav,D03,391214,24.448125,8000,1,-17.58428264952708,0.0,0.249512999463149,0.00021474039420200935,0.10667539267015706,552.1041220225686,0.26075355198991224,0.0,0.0011564660230569113,24.448125,0.0,D03,False,True,D03_J13_S000088_merged,1
C:\Users\SZ\Documents\his_voice\stt_finetuning_cleaned_v3\D03\D03_J13_S000088_merged__chunk_0002.wav,D03_J13_S000088_merged__chunk_0002.wav,D03,470438,29.399625,8000,1,-16.86348060096793,0.0,0.29830737636959653,0.001288281738287478,0.11734468273269953,624.416816304466,0.2528026002003176,0.0,0.0015257157740478455,29.399625,0.0,D03,False,True,D03_J13_S000088_merged,2
C:\Users\SZ\Documents\his_voice\stt_finetuning_cleaned_v3\D03\D03_J13_S000088_merged__chunk_0003.wav,D03_J13_S000088_merged__chunk_0003.wav,D03,461808,28.86025,8000,1,-17.851516920976277,0.0,0.28110463353574555,0.0003551597785881966,0.11699533525928942,603.7216977960504,0.2283908191787771,1.1780298658407595e-10,0.0025644201652932344,28.86025,0.0,D03,False,True,D03_J13_S000088_merged,3
C:\Users\SZ\Documents\his_voice\stt_finetuning_cleaned_v3\D03\D03_J13_S000088_merged__chunk_0004.wav,D03_J13_S000088_merged__chunk_0004.wav,D03,119608,7.47275,8000,1,-15.201542560071626,0.0,0.41065872670703557,0.0017396540764778696,0.09924557969923554,656.8334375796404,0.4389570216534263,1.3312026218018682e-07,0.0016695605405626687,7.47275,0.0,D03,False,True,D03_J13_S000088_merged,4
C:\Users\SZ\Documents\his_voice\stt_finetuning_cleaned_v3\D03\D03_J13_S000089_merged__chunk_0001.wav,D03_J13_S000089_merged__chunk_0001.wav,D03,450060,28.126,8000,1,-16.86912537162337,0.0,0.2716792291829624,0.0014888359524994667,0.10395676578950877,695.8344848897232,0.2924451992075238,1.6641522608146555e-09,0.00126822551027308,28.126,0.0,D03,False,True,D03_J13_S000089_merged,1
C:\Users\SZ\Documents\his_voice\stt_finetuning_cleaned_v3\D03\D03_J13_S000089_merged__chunk_0002.wav,D03_J13_S000089_merged__chunk_0002.wav,D03,391914,24.491875,8000,1,-18.082301270060885,0.0,0.3874601270829612,0.0011585474774797764,0.09320995845539824,665.1237372586446,0.34576355234762707,0.0,0.0012851059982631216,24.491875,0.0,D03,False,True,D03_J13_S000089_merged,2
C:\Users\SZ\Documents\his_voice\stt_finetuning_cleaned_v3\D03\D03_J13_S000089_merged__chunk_0003.wav,D03_J13_S000089_merged__chunk_0003.wav,D03,381354,23.831875,8000,1,-15.423924641536978,0.0,0.24363378878078204,0.0023707744354986757,0.1147156629286561,634.2449445199949,0.33933770342457076,0.0,0.001078538957571205,23.831875,0.0,D03,False,True,D03_J13_S000089_merged,3
C:\Users\SZ\Documents\his_voice\stt_finetuning_cleaned_v3\D03\D03_J13_S000090_merged__chunk_0001.wav,D03_J13_S000090_merged__chunk_0001.wav,D03,352636,22.037,8000,1,-17.82383531100655,0.0,0.23626174161637248,8.508417661206154e-05,0.11605547519782183,663.9302567664594,0.24776890392009135,5.703299686039736e-10,0.001077179423370001,22.037,0.0,D03,False,True,D03_J13_S000090_merged,1
C:\Users\SZ\Documents\his_voice\stt_finetuning_cleaned_v3\D03\D03_J13_S000090_merged__chunk_0002.wav,D03_J13_S000090_merged__chunk_0002.wav,D03,399044,24.9375,8000,1,-15.187133548423393,0.0,0.2704511278195489,0.001443609022556391,0.10782510188020993,633.4728792437584,0.3238642031672392,3.1741618618944906e-10,0.0011887220168207418,24.9375,0.0,D03,False,True,D03_J13_S000090_merged,2
C:\Users\SZ\Documents\his_voice\stt_finetuning_cleaned_v3\D03\D03_J13_S000090_merged__chunk_0003.wav,D03_J13_S000090_merged__chunk_0003.wav,D03,65324,4.08,8000,1,-25.089756553048083,-6.459879928954853,0.4839767156862745,0.0,0.08839118845552867,539.958783896384,0.21295881135151315,9.317378423140612e-12,0.004122281082712939,4.08,0.0,D03,False,True,D03_J13_S000090_merged,3
C:\Users\SZ\Documents\his_voice\stt_finetuning_cleaned_v3\D03\D03_J13_S000091_merged__chunk_0001.wav,D03_J13_S000091_merged__chunk_0001.wav,D03,460016,28.74825,8000,1,-15.368422762125547,0.0,0.3335463897802475,0.0036741366865809225,0.1095506228667087,588.3602062056722,0.35099858937913914,0.0,0.0009744115535537006,28.74825,0.0,D03,False,True,D03_J13_S000091_merged,1
C:\Users\SZ\Documents\his_voice\stt_finetuning_cleaned_v3\D03\D03_J13_S000091_merged__chunk_0002.wav,D03_J13_S000091_merged__chunk_0002.wav,D03,423796,26.4845,8000,1,-25.089782715318112,-2.9220835965009457,0.36875814155449416,0.0,0.10698761061946903,596.2685382712272,0.1566437946205246,0.0,0.0010326247673474406,26.4845,0.0,D03,False,True,D03_J13_S000091_merged,2
C:\Users\SZ\Documents\his_voice\stt_finetuning_cleaned_v3\D03\D03_J13_S000091_merged__chunk_0003.wav,D03_J13_S000091_merged__chunk_0003.wav,D03,441830,27.611625,8000,1,-19.62473474908529,0.0,0.2755451734550212,0.0004481807934158167,0.10556742661572172,529.6627217866488,0.3174628020290529,0.0,0.0020183479719104967,27.611625,0.0,D03,False,True,D03_J13_S000091_merged,3
C:\Users\SZ\Documents\his_voice\stt_finetuning_cleaned_v3\D03\D03_J13_S000091_merged__chunk_0004.wav,D03_J13_S000091_merged__chunk_0004.wav,D03,384134,24.005625,8000,1,-16.531453827395126,0.0,0.1992814184175584,0.0006300606628654742,0.1159786298973152,657.0878453402358,0.2994932887385391,0.0,0.0013099129765639604,24.005625,0.0,D03,False,True,D03_J13_S000091_merged,4
C:\Users\SZ\Documents\his_voice\stt_finetuning_cleaned_v3\D03\D03_J13_S000091_merged__chunk_0005.wav,D03_J13_S000091_merged__chunk_0005.wav,D03,385532,24.093,8000,1,-15.292161262569978,0.0,0.23784397957913087,0.003123313825592496,0.19049719055944964,603.9171383837196,0.3355775942919537,0.0,0.001664591005918721,24.093,0.0,D03,False,True,D03_J13_S000091_merged,5
C:\Users\SZ\Documents\his_voice\stt_finetuning_cleaned_v3\D03\D03_J13_S000091_merged__chunk_0006.wav,D03_J13_S000091_merged__chunk_0006.wav,D03,354990,22.184125,8000,1,-17.32787577518572,0.0,0.22254089354437012,0.0010705853848190993,0.11357284529390552,596.4026944169785,0.29077614371838595,0.0,0.00171703797778327,22.184125,0.0,D03,False,True,D03_J13_S000091_merged,6
C:\Users\SZ\Documents\his_voice\stt_finetuning_cleaned_v3\D03\D03_J13_S000091_merged__chunk_0007.wav,D03_J13_S000091_merged__chunk_0007.wav,D03,337106,21.066375,8000,1,-20.813074200760354,0.0,0.28835051118191907,2.3734505817920738e-05,0.10625407939239305,533.5606285140035,0.22154424751930205,0.0,0.0011683458296720573,21.066375,0.0,D03,False,True,D03_J13_S000091_merged,7
C:\Users\SZ\Documents\his_voice\stt_finetuning_cleaned_v3\D03\D03_J13_S000091_merged__chunk_0008.wav,D03_J13_S000091_merged__chunk_0008.wav,D03,364520,22.77975,8000,1,-15.854701048577343,0.0,0.24628233409058484,0.0009712573667401969,0.1966669776170591,631.808866191957,0.35717992761989664,4.71235646159842e-09,0.001241165962241231,22.77975,0.0,D03,False,True,D03_J13_S000091_merged,8
C:\Users\SZ\Documents\his_voice\stt_finetuning_cleaned_v3\D03\D03_J13_S000092_merged__chunk_0001.wav,D03_J13_S000092_merged__chunk_0001.wav,D03,479886,29.990125,8000,1,-25.089782715318112,-3.605860708499497,0.43699801184556586,0.0,0.08660803601200401,440.14501219404525,0.16422602966259858,0.0,0.0011492210978133078,29.990125,0.0,D03,False,True,D03_J13_S000092_merged,1
C:\Users\SZ\Documents\his_voice\stt_finetuning_cleaned_v3\D03\D03_J13_S000092_merged__chunk_0002.wav,D03_J13_S000092_merged__chunk_0002.wav,D03,394436,24.6495,8000,1,-19.48186086103902,-0.8465614333797746,0.2524239842593156,0.0,0.11056061259159715,545.1350533984455,0.277306460318275,1.2448749027560491e-09,0.0009626361654802322,24.6495,0.0,D03,False,True,D03_J13_S000092_merged,2
C:\Users\SZ\Documents\his_voice\stt_finetuning_cleaned_v3\D03\D03_J13_S000092_merged__chunk_0003.wav,D03_J13_S000092_merged__chunk_0003.wav,D03,336590,21.034125,8000,1,-16.525381332424793,0.0,0.24772839374112304,0.0005883296785580575,0.10244722829704288,542.2387191429068,0.25889666049948895,0.0,0.0013092745434268283,21.034125,0.0,D03,False,True,D03_J13_S000092_merged,3
C:\Users\SZ\Documents\his_voice\stt_finetuning_cleaned_v3\D03\D03_J13_S000092_merged__chunk_0004.wav,D03_J13_S000092_merged__chunk_0004.wav,D03,362646,22.662625,8000,1,-15.08827381581479,0.0,0.16502391051345552,0.001064528050038334,0.16184225041367897,548.4841125754955,0.2571668766183571,0.0,0.002199213153915265,22.662625,0.0,D03,False,True,D03_J13_S000092_merged,4
C:\Users\SZ\Documents\his_voice\stt_finetuning_cleaned_v3\D03\D03_J13_S000092_merged__chunk_0005.wav,D03_J13_S000092_merged__chunk_0005.wav,D03,53984,3.37125,8000,1,-17.204034637178886,-0.00026507636037961915,0.3886540600667408,0.0001853911753800519,0.09114168118951389,595.1544099849469,0.27214402989056874,3.0978510632589516e-09,0.015191854444491216,3.37125,0.0,D03,False,True,D03_J13_S000092_merged,5
C:\Users\SZ\Documents\his_voice\stt_finetuning_cleaned_v3\D03\D03_J13_S000093_merged__chunk_0001.wav,D03_J13_S000093_merged__chunk_0001.wav,D03,321128,20.06775,8000,1,-19.486171104081983,-0.00026507636037961915,0.21122198552403731,4.360229721817344e-05,0.09992462984533546,474.34754598922984,0.2586507129147523,7.840113225794795e-10,0.002218868095673448,20.06775,0.0,D03,False,True,D03_J13_S000093_merged,1
C:\Users\SZ\Documents\his_voice\stt_finetuning_cleaned_v3\D03\D03_J13_S000093_merged__chunk_0002.wav,D03_J13_S000093_merged__chunk_0002.wav,D03,441098,27.565875,8000,1,-16.505051997934956,0.0,0.13745709142191206,0.00014964154049164048,0.1071438288455783,473.95370528957056,0.23117350244600554,0.0,0.001379324667274161,27.565875,0.0,D03,False,True,D03_J13_S000093_merged,2
C:\Users\SZ\Documents\his_voice\stt_finetuning_cleaned_v3\D03\D03_J13_S000094_merged__chunk_0001.wav,D03_J13_S000094_merged__chunk_0001.wav,D03,426160,26.63225,8000,1,-16.56099416041078,0.0,0.22297214842906626,0.0007838241230087581,0.09991223006050025,547.2985441706609,0.265164697477078,3.7020877694414345e-09,0.0008817601410895012,26.63225,0.0,D03,False,True,D03_J13_S000094_merged,1
C:\Users\SZ\Documents\his_voice\stt_finetuning_cleaned_v3\D03\D03_J13_S000094_merged__chunk_0002.wav,D03_J13_S000094_merged__chunk_0002.wav,D03,348892,21.803,8000,1,-16.44994343420423,0.0,0.3708090629729854,0.005131174608998762,0.23592072146448576,533.8340011215081,0.37363618935869314,2.10700991052152e-08,0.0008274713209332291,21.803,0.0,D03,False,True,D03_J13_S000094_merged,2
C:\Users\SZ\Documents\his_voice\stt_finetuning_cleaned_v3\D03\D03_J13_S000095_merged__chunk_0001.wav,D03_J13_S000095_merged__chunk_0001.wav,D03,355364,22.2075,8000,1,-15.63823572842342,0.0,0.19273331081841721,0.003360351232691658,0.16280627494244593,569.4292749359402,0.2972918457060776,1.3012530443334523e-09,0.000945438068634786,22.2075,0.0,D03,False,True,D03_J13_S000095_merged,1
C:\Users\SZ\Documents\his_voice\stt_finetuning_cleaned_v3\D03\D03_J13_S000095_merged__chunk_0002.wav,D03_J13_S000095_merged__chunk_0002.wav,D03,467790,29.234125,8000,1,-17.295092375382243,0.0,0.3592163268098498,0.0012998507737105181,0.09674522815899296,543.5737500666611,0.255445377868475,0.0,0.0011737274035322064,29.234125,0.0,D03,False,True,D03_J13_S000095_merged,2
C:\Users\SZ\Documents\his_voice\stt_finetuning_cleaned_v3\D03\D03_J13_S000095_merged__chunk_0003.wav,D03_J13_S000095_merged__chunk_0003.wav,D03,416390,26.021625,8000,1,-20.81445866485734,0.0,0.28188093556801314,1.9214787700614394e-05,0.11208519877793363,579.5578905277017,0.24000770249184125,0.0,0.0011488870914911657,26.021625,0.0,D03,False,True,D03_J13_S000095_merged,3
C:\Users\SZ\Documents\his_voice\stt_finetuning_cleaned_v3\D03\D03_J13_S000095_merged__chunk_0004.wav,D03_J13_S000095_merged__chunk_0004.wav,D03,477172,29.8205,8000,1,-16.015318422414065,0.0,0.2619716302543552,0.002573732834794856,0.18548140323520412,536.8647273580192,0.3534998923551014,5.737184647451562e-08,0.0006798887101177089,29.8205,0.0,D03,False,True,D03_J13_S000095_merged,4
C:\Users\SZ\Documents\his_voice\stt_finetuning_cleaned_v3\D03\D03_J13_S000095_merged__chunk_0005.wav,D03_J13_S000095_merged__chunk_0005.wav,D03,326768,20.42025,8000,1,-19.2337445862179,0.0,0.2918242920630257,0.00011630611770179111,0.11782493985712625,606.8782789489645,0.185607012348341,1.1298742607789722e-10,0.0019339780907021544,20.42025,0.0,D03,False,True,D03_J13_S000095_merged,5
C:\Users\SZ\Documents\his_voice\stt_finetuning_cleaned_v3\D03\D03_J13_S000095_merged__chunk_0006.wav,D03_J13_S000095_merged__chunk_0006.wav,D03,324340,20.2685,8000,1,-18.851107397645826,0.0,0.22729235019858401,0.00015418013173150455,0.1596082567053353,536.1411160023343,0.28121884524200347,2.067836622587987e-09,0.0018943223985849415,20.2685,0.0,D03,False,True,D03_J13_S000095_merged,6
C:\Users\SZ\Documents\his_voice\stt_finetuning_cleaned_v3\D03\D03_J13_S000095_merged__chunk_0007.wav,D03_J13_S000095_merged__chunk_0007.wav,D03,175512,10.96675,8000,1,-21.780063387725527,0.0,0.40638748945676706,0.00023935988328356169,0.10060068617281981,685.3856516549212,0.3490347284075537,3.0228361691182436e-08,0.0028809059237035924,10.96675,0.0,D03,False,True,D03_J13_S000095_merged,7
C:\Users\SZ\Documents\his_voice\stt_finetuning_cleaned_v3\D03\D03_J13_S000096_merged__chunk_0001.wav,D03_J13_S000096_merged__chunk_0001.wav,D03,354354,22.144375,8000,1,-17.260260397061526,0.0,0.2601789393468996,0.0007959131833704948,0.09335380516386872,472.06755902882077,0.24701182402572716,0.0,0.001385145697897934,22.144375,0.0,D03,False,True,D03_J13_S000096_merged,1
C:\Users\SZ\Documents\his_voice\stt_finetuning_cleaned_v3\D03\D03_J13_S000096_merged__chunk_0002.wav,D03_J13_S000096_merged__chunk_0002.wav,D03,376572,23.533,8000,1,-20.812267646050522,-1.1193395721381711,0.1787543024688735,0.0,0.10643089720231803,503.8758284637063,0.16865952122395547,0.0,0.0015283012694203807,23.533,0.0,D03,False,True,D03_J13_S000096_merged,2
C:\Users\SZ\Documents\his_voice\stt_finetuning_cleaned_v3\D03\D03_J13_S000096_merged__chunk_0003.wav,D03_J13_S000096_merged__chunk_0003.wav,D03,367724,22.98,8000,1,-15.922881265733896,0.0,0.18136422976501307,0.0016753698868581376,0.17244436708206637,579.6684649648103,0.29470897279044517,3.073814989826716e-09,0.0010414880913474736,22.98,0.0,D03,False,True,D03_J13_S000096_merged,3
C:\Users\SZ\Documents\his_voice\stt_finetuning_cleaned_v3\D03\D03_J13_S000096_merged__chunk_0004.wav,D03_J13_S000096_merged__chunk_0004.wav,D03,407362,25.457375,8000,1,-19.21891738106068,0.0,0.20507318606101374,4.910168467880133e-06,0.10720423455007905,496.5359460351779,0.09388733984007364,0.0,0.0024095886119275536,25.457375,0.0,D03,False,True,D03_J13_S000096_merged,4
C:\Users\SZ\Documents\his_voice\stt_finetuning_cleaned_v3\D03\D03_J13_S000096_merged__chunk_0005.wav,D03_J13_S000096_merged__chunk_0005.wav,D03,352166,22.007625,8000,1,-18.845132459361476,-0.00026507636037961915,0.2301475056940492,7.951789436615719e-05,0.17159491082585482,467.4437380905544,0.24500621468425038,0.0,0.001103945477112071,22.007625,0.0,D03,False,True,D03_J13_S000096_merged,5
C:\Users\SZ\Documents\his_voice\stt_finetuning_cleaned_v3\D03\D03_J13_S000096_merged__chunk_0006.wav,D03_J13_S000096_merged__chunk_0006.wav,D03,365736,22.85575,8000,1,-21.687329835494673,0.0,0.323337672139396,5.469083272261904e-06,0.09870655473215018,503.2137476492661,0.2489186929029903,3.48711297407934e-11,0.0011651231900177705,22.85575,0.0,D03,False,True,D03_J13_S000096_merged,6
C:\Users\SZ\Documents\his_voice\stt_finetuning_cleaned_v3\D03\D03_J13_S000097_merged__chunk_0001.wav,D03_J13_S000097_merged__chunk_0001.wav,D03,353270,22.076625,8000,1,-20.812694719875964,-0.00026507636037961915,0.3106962681116339,1.1324194708203813e-05,0.12456118497044369,570.1324268318295,0.20713391441096404,0.0,0.001184200382886208,22.076625,0.0,D03,False,True,D03_J13_S000097_merged,1
C:\Users\SZ\Documents\his_voice\stt_finetuning_cleaned_v3\D03\D03_J13_S000097_merged__chunk_0002.wav,D03_J13_S000097_merged__chunk_0002.wav,D03,393516,24.592,8000,1,-15.949977012795255,0.0,0.34942765940143133,0.00197726903057905,0.2486898619971027,681.0335600755924,0.3703828292708499,2.7179519558026715e-09,0.0009290587917120528,24.592,0.0,D03,False,True,D03_J13_S000097_merged,2
C:\Users\SZ\Documents\his_voice\stt_finetuning_cleaned_v3\D03\D03_J13_S000097_merged__chunk_0003.wav,D03_J13_S000097_merged__chunk_0003.wav,D03,49148,3.069,8000,1,-19.23549739137527,0.0,0.5459840338872597,0.000285109156076898,0.09282717608244064,503.70474979247524,0.21263372964113153,6.6293690527348125e-09,0.004537742545950176,3.069,0.0,D03,False,True,D03_J13_S000097_merged,3
C:\Users\SZ\Documents\his_voice\stt_finetuning_cleaned_v3\D03\D03_J13_S000098_merged__chunk_0001.wav,D03_J13_S000098_merged__chunk_0001.wav,D03,438998,27.434625,8000,1,-15.885691670069878,0.0,0.3045512741654023,0.0013759983961872998,0.20728006706883667,533.1116496604824,0.268985149654656,0.0,0.0010333581381260872,27.434625,0.0,D03,False,True,D03_J13_S000098_merged,1
C:\Users\SZ\Documents\his_voice\stt_finetuning_cleaned_v3\D03\D03_J13_S000098_merged__chunk_0002.wav,D03_J13_S000098_merged__chunk_0002.wav,D03,182136,11.38075,8000,1,-19.237808932837936,0.0,0.45156294620301823,9.885113019792193e-05,0.07584161678290954,484.22724754732553,0.1287080925351123,0.0,0.0018519896064710952,11.38075,0.0,D03,False,True,D03_J13_S000098_merged,2
C:\Users\SZ\Documents\his_voice\stt_finetuning_cleaned_v3\D03\D03_J13_S000099_merged__chunk_0001.wav,D03_J13_S000099_merged__chunk_0001.wav,D03,343756,21.482,8000,1,-19.23474834683762,0.0,0.3578577413648636,0.00013965180150823947,0.09637194146227925,432.30857322355223,0.1479527875440902,6.067754246130517e-12,0.0021005272365970814,21.482,0.0,D03,False,True,D03_J13_S000099_merged,1
C:\Users\SZ\Documents\his_voice\stt_finetuning_cleaned_v3\D03\D03_J13_S000099_merged__chunk_0002.wav,D03_J13_S000099_merged__chunk_0002.wav,D03,373162,23.319875,8000,1,-18.84633199151289,0.0,0.289602753016472,6.96830493302387e-05,0.1838034284244042,472.92268975967994,0.20448954545012335,0.0,0.003811115500903201,23.319875,0.0,D03,False,True,D03_J13_S000099_merged,2
C:\Users\SZ\Documents\his_voice\stt_finetuning_cleaned_v3\D03\D03_J13_S000099_merged__chunk_0003.wav,D03_J13_S000099_merged__chunk_0003.wav,D03,400470,25.026625,8000,1,-21.690217736243156,0.0,0.3775429167936148,1.997872266036671e-05,0.09249695322957664,447.6442567092222,0.22564412089256375,0.0,0.002477109412315382,25.026625,0.0,D03,False,True,D03_J13_S000099_merged,3
C:\Users\SZ\Documents\his_voice\stt_finetuning_cleaned_v3\D03\D03_J13_S000099_merged__chunk_0004.wav,D03_J13_S000099_merged__chunk_0004.wav,D03,372438,23.274625,8000,1,-19.05634833917713,0.0,0.38840045757987507,0.0006068841066182592,0.08959376141270489,432.6773181944869,0.24151277489243825,0.0,0.0014412429962067023,23.274625,0.0,D03,False,True,D03_J13_S000099_merged,4
C:\Users\SZ\Documents\his_voice\stt_finetuning_cleaned_v3\D03\D03_J13_S000099_merged__chunk_0005.wav,D03_J13_S000099_merged__chunk_0005.wav,D03,347040,21.68725,8000,1,-23.308051318226436,0.0,0.43945175160520583,1.152751040357814e-05,0.24223473604730916,548.931215991154,0.2376179281743377,4.4149943365498844e-09,0.001224808737250156,21.68725,0.0,D03,False,True,D03_J13_S000099_merged,5
C:\Users\SZ\Documents\his_voice\stt_finetuning_cleaned_v3\D03\D03_J13_S000099_merged__chunk_0006.wav,D03_J13_S000099_merged__chunk_0006.wav,D03,426640,26.66225,8000,1,-17.699767804544916,0.0,0.28208890847546625,0.0007313711333439601,0.19447530907607702,411.3467650304073,0.2479792445485314,2.962592598349853e-10,0.0017341840739523518,26.66225,0.0,D03,False,True,D03_J13_S000099_merged,6
C:\Users\SZ\Documents\his_voice\stt_finetuning_cleaned_v3\D03\D03_J13_S000099_merged__chunk_0007.wav,D03_J13_S000099_merged__chunk_0007.wav,D03,347172,21.6955,8000,1,-14.44754642752519,0.0,0.24000368740061304,0.004712958908529419,0.2008780673300185,520.1752372434921,0.29240745844395816,8.291342571475302e-09,0.0018284191328822971,21.6955,0.0,D03,False,True,D03_J13_S000099_merged,7
C:\Users\SZ\Documents\his_voice\stt_finetuning_cleaned_v3\D03\D03_J13_S000099_merged__chunk_0008.wav,D03_J13_S000099_merged__chunk_0008.wav,D03,397752,24.85675,8000,1,-25.513925325384854,-4.261947140803106,0.3329025315055267,0.0,0.16782749065892896,445.9485338617751,0.2554083310530246,0.0,0.0013724325205405699,24.85675,0.0,D03,False,True,D03_J13_S000099_merged,8
C:\Users\SZ\Documents\his_voice\stt_finetuning_cleaned_v3\D03\D03_J13_S000099_merged__chunk_0009.wav,D03_J13_S000099_merged__chunk_0009.wav,D03,403030,25.186625,8000,1,-20.272538659712367,0.0,0.2800395050944698,8.437017663144625e-05,0.10328449764754928,448.16548858675577,0.1756128679667338,0.0,0.0013152418743340017,25.186625,0.0,D03,False,True,D03_J13_S000099_merged,9
C:\Users\SZ\Documents\his_voice\stt_finetuning_cleaned_v3\D03\D03_J13_S000099_merged__chunk_0010.wav,D03_J13_S000099_merged__chunk_0010.wav,D03,429450,26.837875,8000,1,-18.413106167019077,0.0,0.2907039026003363,3.260317741251869e-05,0.1834309880671815,525.3666753719098,0.25267934979245027,0.0,0.0021069168173389143,26.837875,0.0,D03,False,True,D03_J13_S000099_merged,10
C:\Users\SZ\Documents\his_voice\stt_finetuning_cleaned_v3\D03\D03_J13_S000099_merged__chunk_0011.wav,D03_J13_S000099_merged__chunk_0011.wav,D03,82452,5.1505,8000,1,-16.114479982614867,0.0,0.4259295214056888,0.002572565770313562,0.09955585758318569,639.2452569849237,0.34331297369957775,3.2185929992629216e-09,0.003173063526226916,5.1505,0.0,D03,False,True,D03_J13_S000099_merged,11
C:\Users\SZ\Documents\his_voice\stt_finetuning_cleaned_v3\D03\D03_J13_S000100_merged__chunk_0001.wav,D03_J13_S000100_merged__chunk_0001.wav,D03,424532,26.5305,8000,1,-18.850093715105963,-0.00026507636037961915,0.3485705131829404,5.653870074065698e-05,0.20170747680724452,395.3987216993183,0.25816441716234384,4.378422400644202e-09,0.0007753344884501595,26.5305,0.0,D03,False,True,D03_J13_S000100_merged,1
C:\Users\SZ\Documents\his_voice\stt_finetuning_cleaned_v3\D03\D03_J13_S000100_merged__chunk_0002.wav,D03_J13_S000100_merged__chunk_0002.wav,D03,346190,21.634125,8000,1,-21.687158509553505,0.0,0.32843944462741154,5.777908743709302e-06,0.09918415457150781,523.9711966503094,0.2289477462592228,0.0,0.0016086905986810842,21.634125,0.0,D03,False,True,D03_J13_S000100_merged,2
C:\Users\SZ\Documents\his_voice\stt_finetuning_cleaned_v3\D03\D03_J13_S000100_merged__chunk_0003.wav,D03_J13_S000100_merged__chunk_0003.wav,D03,384104,24.00375,8000,1,-18.96923976053786,-0.00026507636037961915,0.25452273082330884,2.603759829193355e-05,0.09800603033916752,465.699538984247,0.22450473203405738,2.893146824017714e-10,0.0014309059440117224,24.00375,0.0,D03,False,True,D03_J13_S000100_merged,3
C:\Users\SZ\Documents\his_voice\stt_finetuning_cleaned_v3\D03\D03_J13_S000100_merged__chunk_0004.wav,D03_J13_S000100_merged__chunk_0004.wav,D03,419396,26.2095,8000,1,-23.322635062257344,0.0,0.30759838989679317,6.676968274862169e-05,0.15029927268391557,380.7717845178724,0.24503612780113782,0.0,0.0009974028633333693,26.2095,0.0,D03,False,True,D03_J13_S000100_merged,4
C:\Users\SZ\Documents\his_voice\stt_finetuning_cleaned_v3\D03\D03_J13_S000100_merged__chunk_0005.wav,D03_J13_S000100_merged__chunk_0005.wav,D03,330402,20.647375,8000,1,-17.753694060992682,0.0,0.23351636709266915,0.0008717815218641595,0.1571274624950054,351.92924202810224,0.2692635343902897,0.0,0.0017644326766624108,20.647375,0.0,D03,False,True,D03_J13_S000100_merged,5
C:\Users\SZ\Documents\his_voice\stt_finetuning_cleaned_v3\D03\D03_J13_S000100_merged__chunk_0006.wav,D03_J13_S000100_merged__chunk_0006.wav,D03,212624,13.28625,8000,1,-14.313534675728159,0.0,0.2307178473986264,0.005475585661868473,0.17416665882640725,504.54541572071275,0.2930259058840245,5.810401182895918e-09,0.008938120591643577,13.28625,0.0,D03,False,True,D03_J13_S000100_merged,6
C:\Users\SZ\Documents\his_voice\stt_finetuning_cleaned_v3\voice_phishing\PHISH_001_0001.wav,PHISH_001_0001.wav,voice_phishing,695506,21.7331875,16000,1,-18.4463559889608,-3.3983875385019107,0.2178264232984692,0.0,0.10084548356483479,742.7893905038726,0.056118770634159036,1.4135149877944393e-05,0.0006601017355618516,21.7331875,0.0,voice_phishing,False,True,PHISH_001_0001,1
C:\Users\SZ\Documents\his_voice\stt_finetuning_cleaned_v3\voice_phishing\PHISH_001_0002.wav,PHISH_001_0002.wav,voice_phishing,284444,8.8875,16000,1,-22.99981852363327,-7.752006895441596,0.2893881856540084,0.0,0.10933972812748331,575.2785456894819,0.07716534253490524,8.732389458279442e-06,0.001383637797310448,8.8875,0.0,voice_phishing,False,True,PHISH_001_0002,1
C:\Users\SZ\Documents\his_voice\stt_finetuning_cleaned_v3\voice_phishing\PHISH_002_0001.wav,PHISH_002_0001.wav,voice_phishing,770976,24.091625,16000,1,-22.99981578132334,-6.841776361309723,0.3230583242101768,0.0,0.1719300066153866,985.5321595616384,0.17173713500901633,0.0004133656518123544,0.0003138088305584003,24.091625,0.0,voice_phishing,False,True,PHISH_002_0001,1
C:\Users\SZ\Documents\his_voice\stt_finetuning_cleaned_v3\voice_phishing\PHISH_002_0002.wav,PHISH_002_0002.wav,voice_phishing,571784,17.866875,16000,1,-17.142509160851418,-2.2603317748081198,0.16602301745548675,0.0,0.18908311149512538,1257.6891550477158,0.20007646331725676,0.001173507975698669,0.0007645040454147087,17.866875,0.0,voice_phishing,False,True,PHISH_002_0002,1
C:\Users\SZ\Documents\his_voice\stt_finetuning_cleaned_v3\voice_phishing\PHISH_003_0001.wav,PHISH_003_0001.wav,voice_phishing,561782,17.5543125,16000,1,-17.14250543504938,-1.8427702417162872,0.33899077505883524,0.0,0.07788356096102084,423.7699196978339,0.028555784662993865,1.1628261102892727e-06,0.001965168327631616,17.5543125,0.0,voice_phishing,False,True,PHISH_003_0001,1
C:\Users\SZ\Documents\his_voice\stt_finetuning_cleaned_v3\voice_phishing\PHISH_004_0001.wav,PHISH_004_0001.wav,voice_phishing,845886,26.4325625,16000,1,-22.375792560870586,-11.457925092510159,0.4372802485570591,0.0,0.08038872600018916,507.59030348683285,0.153560904686857,0.00037750397727821707,0.00041016318884194854,26.4325625,0.0,voice_phishing,False,True,PHISH_004_0001,1
C:\Users\SZ\Documents\his_voice\stt_finetuning_cleaned_v3\voice_phishing\PHISH_004_0002.wav,PHISH_004_0002.wav,voice_phishing,850392,26.573375,16000,1,-22.059935413024157,-12.830966741905133,0.31862249337918125,0.0,0.06675165168061001,471.1045578496568,0.15537725740678593,0.00022369925963684927,0.00042253009994707493,26.573375,0.0,voice_phishing,False,True,PHISH_004_0002,1
C:\Users\SZ\Documents\his_voice\stt_finetuning_cleaned_v3\voice_phishing\PHISH_004_0003.wav,PHISH_004_0003.wav,voice_phishing,335062,10.4693125,16000,1,-17.404496948133218,-7.6510033003047,0.29153060432573774,0.0,0.06552522864579602,480.1916173791261,0.1554283438836083,0.0002733206016537219,0.0011171849321119905,10.4693125,0.0,voice_phishing,False,True,PHISH_004_0003,1
C:\Users\SZ\Documents\his_voice\stt_finetuning_cleaned_v3\voice_phishing\PHISH_005_0001.wav,PHISH_005_0001.wav,voice_phishing,355310,11.1020625,16000,1,-22.05993869443998,-11.523606972419733,0.2587638558150794,0.0,0.07989551432174383,463.42899653466316,0.09342702777504008,0.000170240128907656,0.0007877364849280608,11.1020625,0.0,voice_phishing,False,True,PHISH_005_0001,1
C:\Users\SZ\Documents\his_voice\stt_finetuning_cleaned_v3\voice_phishing\PHISH_006_0001.wav,PHISH_006_0001.wav,voice_phishing,834202,26.0674375,16000,1,-17.404494068213047,-3.403092787608342,0.3440763020914503,0.0,0.10817401061671918,453.5745047283098,0.1481648572340859,0.00020915179984591073,0.005091506288720075,26.0674375,0.0,voice_phishing,False,True,PHISH_006_0001,1
C:\Users\SZ\Documents\his_voice\stt_finetuning_cleaned_v3\voice_phishing\PHISH_006_0002.wav,PHISH_006_0002.wav,voice_phishing,694294,21.6953125,16000,1,-25.376030660126588,-11.545611771387954,0.4759380626575441,0.0,0.09913172238162732,439.3469895696051,0.15633005191952432,0.000520454575557869,0.00047470964407568046,21.6953125,0.0,voice_phishing,False,True,PHISH_006_0002,1
C:\Users\SZ\Documents\his_voice\stt_finetuning_cleaned_v3\voice_phishing\PHISH_006_0003.wav,PHISH_006_0003.wav,voice_phishing,262134,8.1903125,16000,1,-20.577833042240496,-6.892034626328172,0.27357777862566296,0.0,0.12476725374683313,505.4418125801432,0.1407376207534019,0.0008091866414258824,0.0026823212459483555,8.1903125,0.0,voice_phishing,False,True,PHISH_006_0003,1
C:\Users\SZ\Documents\his_voice\stt_finetuning_cleaned_v3\voice_phishing\PHISH_007_0001.wav,PHISH_007_0001.wav,voice_phishing,920742,28.7718125,16000,1,-25.376026454081767,-3.188864202070355,0.5510406235269328,0.0,0.08161217166143873,768.331181547755,0.09451034853743155,4.2280389548729416e-05,0.030382081832956643,28.7718125,0.0,voice_phishing,False,True,PHISH_007_0001,1
C:\Users\SZ\Documents\his_voice\stt_finetuning_cleaned_v3\voice_phishing\PHISH_007_0002.wav,PHISH_007_0002.wav,voice_phishing,751190,23.4733125,16000,1,-20.578755081209273,-0.00026507636037961915,0.44898861206742763,5.325196433183429e-06,0.09912080772794564,692.0529622369098,0.11232092869867445,0.0002852216227657825,0.0007090297479219773,23.4733125,0.0,voice_phishing,False,True,PHISH_007_0002,1
C:\Users\SZ\Documents\his_voice\stt_finetuning_cleaned_v3\voice_phishing\PHISH_007_0003.wav,PHISH_007_0003.wav,voice_phishing,583322,18.2274375,16000,1,-19.26578284625023,-0.6555280291277649,0.4923004124962711,0.0,0.08619590039706759,545.3516229598804,0.1016840559363928,0.0005086384397547469,0.0016773448153264534,18.2274375,0.0,voice_phishing,False,True,PHISH_007_0003,1
C:\Users\SZ\Documents\his_voice\stt_finetuning_cleaned_v3\voice_phishing\PHISH_008_0001.wav,PHISH_008_0001.wav,voice_phishing,812522,25.3899375,16000,1,-21.105883891937935,0.0,0.6574184162525016,0.0015754272731077026,0.08103377822852613,563.0202042101397,0.05395817849262568,0.00017190714693874205,0.0005350111606202812,25.3899375,0.0,voice_phishing,False,True,PHISH_008_0001,1
C:\Users\SZ\Documents\his_voice\stt_finetuning_cleaned_v3\voice_phishing\PHISH_008_0002.wav,PHISH_008_0002.wav,voice_phishing,874280,27.319875,16000,1,-19.63484933161952,0.0,0.5525487396995777,0.0016357139262167194,0.09120441437875901,592.0588844548133,0.1465442015973403,0.0009154791413932058,0.001620112636638264,27.319875,0.0,voice_phishing,False,True,PHISH_008_0002,1
C:\Users\SZ\Documents\his_voice\stt_finetuning_cleaned_v3\voice_phishing\PHISH_008_0003.wav,PHISH_008_0003.wav,voice_phishing,375264,11.725625,16000,1,-25.502833902642664,-4.570443000009251,0.7053994989606098,0.0,0.07304020596026843,517.6193213347674,0.11158663508158521,0.00026380241527826766,0.0009481536967229404,11.725625,0.0,voice_phishing,False,True,PHISH_008_0003,1
C:\Users\SZ\Documents\his_voice\stt_finetuning_cleaned_v3\voice_phishing\PHISH_009_0001.wav,PHISH_009_0001.wav,voice_phishing,941996,29.436,16000,1,-19.265782251556235,-0.9408704176430756,0.33885803098247047,0.0,0.11668559902330272,690.1400237340008,0.06575932361228116,0.00019120662211510528,0.0013513730346535256,29.436,0.0,voice_phishing,False,True,PHISH_009_0001,1
C:\Users\SZ\Documents\his_voice\stt_finetuning_cleaned_v3\voice_phishing\PHISH_009_0002.wav,PHISH_009_0002.wav,voice_phishing,901292,28.164,16000,1,-25.502822318352298,-0.7143261923333613,0.42950442053685556,0.0,0.09524369594982945,799.7297930703312,0.0984632263797558,9.160170731526386e-05,0.008771884402483172,28.164,0.0,voice_phishing,False,True,PHISH_009_0002,1
C:\Users\SZ\Documents\his_voice\stt_finetuning_cleaned_v3\voice_phishing\PHISH_009_0003.wav,PHISH_009_0003.wav,voice_phishing,758846,23.7125625,16000,1,-15.657806608836955,0.0,0.2830698917504171,0.0011755372284205892,0.09752240379546652,695.5715672946368,0.18142742551784916,0.0007264802525618513,0.001113179693865368,23.7125625,0.0,voice_phishing,False,True,PHISH_009_0003,1
C:\Users\SZ\Documents\his_voice\stt_finetuning_cleaned_v3\voice_phishing\PHISH_009_0004.wav,PHISH_009_0004.wav,voice_phishing,491448,15.356375,16000,1,-23.605075634944406,-2.9697122928760016,0.3536845446923509,0.0,0.10094790008994672,676.1888549226804,0.17262012471328825,0.0017924286343512386,0.0014395444754371997,15.356375,0.0,voice_phishing,False,True,PHISH_009_0004,1
C:\Users\SZ\Documents\his_voice\stt_finetuning_cleaned_v3\voice_phishing\PHISH_010_0001.wav,PHISH_010_0001.wav,voice_phishing,518686,16.2075625,16000,1,-25.96296411878784,0.0,0.5947840707077329,0.00028921683936125494,0.10400663273175999,743.7135504870217,0.11208957057543863,0.0001141387403384652,0.019982429249192055,16.2075625,0.0,voice_phishing,False,True,PHISH_010_0001,1
C:\Users\SZ\Documents\his_voice\stt_finetuning_cleaned_v3\voice_phishing\PHISH_011_0001.wav,PHISH_011_0001.wav,voice_phishing,921702,28.8018125,16000,1,-15.65100167664594,0.0,0.17874743125975145,0.0009331009984180683,0.11657060768876891,723.7454711371246,0.06762638666280738,0.00012432624893567032,0.004187546631956964,28.8018125,0.0,voice_phishing,False,True,PHISH_011_0001,1
C:\Users\SZ\Documents\his_voice\stt_finetuning_cleaned_v3\voice_phishing\PHISH_011_0002.wav,PHISH_011_0002.wav,voice_phishing,361644,11.3,16000,1,-23.60507759508964,-7.613348111557249,0.3989546460176991,0.0,0.10170410234569882,763.5622757051926,0.15123965512854956,0.00033335811416997026,0.000435288741768134,11.3,0.0,voice_phishing,False,True,PHISH_011_0002,1
C:\Users\SZ\Documents\his_voice\stt_finetuning_cleaned_v3\voice_phishing\PHISH_012_0001.wav,PHISH_012_0001.wav,voice_phishing,708662,22.1443125,16000,1,-23.60508151538143,-6.73003499685832,0.30488923510269283,0.0,0.09656005509330864,500.6948761573803,0.12114277092716529,0.00014718580513046052,0.001199586667887354,22.1443125,0.0,voice_phishing,False,True,PHISH_012_0001,1
C:\Users\SZ\Documents\his_voice\stt_finetuning_cleaned_v3\voice_phishing\PHISH_012_0002.wav,PHISH_012_0002.wav,voice_phishing,273254,8.5378125,16000,1,-19.184627048275015,-1.708465608994074,0.27635884484462503,0.0,0.11187812948376329,519.3158946682238,0.05146745048228454,4.340727263952056e-05,0.001330247663868079,8.5378125,0.0,voice_phishing,False,True,PHISH_012_0002,1
C:\Users\SZ\Documents\his_voice\stt_finetuning_cleaned_v3\voice_phishing\PHISH_013_0001.wav,PHISH_013_0001.wav,voice_phishing,806936,25.215375,16000,1,-19.28689633630162,0.0,0.18683293427125316,0.0007262434129970306,0.06924363915775385,820.3244871907052,0.27612676855030494,0.005823433355612315,0.0011985652246087432,25.215375,0.0,voice_phishing,False,True,PHISH_013_0001,1
C:\Users\SZ\Documents\his_voice\stt_finetuning_cleaned_v3\voice_phishing\PHISH_013_0002.wav,PHISH_013_0002.wav,voice_phishing,780416,24.386625,16000,1,-15.978290596519864,0.0,0.17085697590379972,0.004203123638469858,0.07861399079923626,740.603158641214,0.290439721804508,0.005719734336435831,0.0006695578021640414,24.386625,0.0,voice_phishing,False,True,PHISH_013_0002,1
C:\Users\SZ\Documents\his_voice\stt_finetuning_cleaned_v3\voice_phishing\PHISH_013_0003.wav,PHISH_013_0003.wav,voice_phishing,774032,24.187125,16000,1,-22.300293965525555,0.0,0.27017473139118436,5.426440720011163e-05,0.08925484440287033,600.9870628539512,0.20409852612042573,0.002778087193067784,0.0010166856860919094,24.187125,0.0,voice_phishing,False,True,PHISH_013_0003,1
C:\Users\SZ\Documents\his_voice\stt_finetuning_cleaned_v3\voice_phishing\PHISH_013_0004.wav,PHISH_013_0004.wav,voice_phishing,452518,14.1398125,16000,1,-21.381143191969663,0.0,0.328067469070046,0.0003624517651842979,0.11972011527785145,598.9415895752753,0.2567053748274805,0.0027058096830487365,0.0011085882132153306,14.1398125,0.0,voice_phishing,False,True,PHISH_013_0004,1
C:\Users\SZ\Documents\his_voice\stt_finetuning_cleaned_v3\voice_phishing\PHISH_014_0001.wav,PHISH_014_0001.wav,voice_phishing,949026,29.6556875,16000,1,-15.690331295959902,0.0,0.23064504911578934,0.0011844271018839135,0.08950873569516744,905.1410936507772,0.25060808415372315,0.0031737267964296353,0.021716822302931437,29.6556875,0.0,voice_phishing,False,True,PHISH_014_0001,1
C:\Users\SZ\Documents\his_voice\stt_finetuning_cleaned_v3\voice_phishing\PHISH_014_0002.wav,PHISH_014_0002.wav,voice_phishing,936668,29.2695,16000,1,-22.296171698704548,-2.817697484739057,0.23343839149968398,0.0,0.09774487466662111,617.1934002944706,0.17787488032358392,0.00029571675196866004,0.006768539620357914,29.2695,0.0,voice_phishing,False,True,PHISH_014_0002,1
C:\Users\SZ\Documents\his_voice\stt_finetuning_cleaned_v3\voice_phishing\PHISH_014_0003.wav,PHISH_014_0003.wav,voice_phishing,438494,13.7015625,16000,1,-21.26536375525061,-1.8792235439818439,0.21730642034439504,0.0,0.10570922891654198,469.1865946279678,0.1800042502122756,0.0004184734860894951,0.0011926998350631317,13.7015625,0.0,voice_phishing,False,True,PHISH_014_0003,1
C:\Users\SZ\Documents\his_voice\stt_finetuning_cleaned_v3\voice_phishing\PHISH_015_0001.wav,PHISH_015_0001.wav,voice_phishing,706008,22.061375,16000,1,-22.38185701160784,0.0,0.24157605770265905,0.00013881727680164994,0.12736379578504226,436.65472953500756,0.17640180047885634,0.00014168798455894957,0.0005523685806721018,22.061375,0.0,voice_phishing,False,True,PHISH_015_0001,1
C:\Users\SZ\Documents\his_voice\stt_finetuning_cleaned_v3\voice_phishing\PHISH_015_0002.wav,PHISH_015_0002.wav,voice_phishing,231802,7.2424375,16000,1,-21.265414662871024,-0.12467934374306411,0.24769802984147257,0.0,0.13289839313761023,497.26852180869906,0.18236260709829152,0.00025509641920908895,0.00245775847215446,7.2424375,0.0,voice_phishing,False,True,PHISH_015_0002,1
C:\Users\SZ\Documents\his_voice\stt_finetuning_cleaned_v3\voice_phishing\PHISH_016_0001.wav,PHISH_016_0001.wav,voice_phishing,925560,28.922375,16000,1,-21.265807709690854,-1.3456977680805355,0.38180431240518803,0.0,0.18745259390997868,527.260764217665,0.22139871751934603,0.0007738919543887616,0.0004262147303950158,28.922375,0.0,voice_phishing,False,True,PHISH_016_0001,1
C:\Users\SZ\Documents\his_voice\stt_finetuning_cleaned_v3\voice_phishing\PHISH_016_0002.wav,PHISH_016_0002.wav,voice_phishing,855264,26.725625,16000,1,-22.672947578902356,-2.362367291371788,0.3209256097846168,0.0,0.07921956740854379,490.9725661002326,0.06106494287577769,2.9294939239639847e-05,0.0005812199269173696,26.725625,0.0,voice_phishing,False,True,PHISH_016_0002,1
C:\Users\SZ\Documents\his_voice\stt_finetuning_cleaned_v3\voice_phishing\PHISH_017_0001.wav,PHISH_017_0001.wav,voice_phishing,732130,22.8776875,16000,1,-22.672946698559628,-4.9140712365790185,0.24755288313121682,0.0,0.07405980734451238,454.40840129518097,0.08146750847642627,8.134010672453114e-05,0.0004990315474290849,22.8776875,0.0,voice_phishing,False,True,PHISH_017_0001,1
C:\Users\SZ\Documents\his_voice\stt_finetuning_cleaned_v3\voice_phishing\PHISH_017_0002.wav,PHISH_017_0002.wav,voice_phishing,887812,27.74275,16000,1,-22.228740959584186,-6.82605739725375,0.3449639996035,0.0,0.0844974914560819,496.8269034584579,0.07830266108004562,4.3299716000662514e-05,0.00042247835494125125,27.74275,0.0,voice_phishing,False,True,PHISH_017_0002,1
C:\Users\SZ\Documents\his_voice\stt_finetuning_cleaned_v3\voice_phishing\PHISH_017_0003.wav,PHISH_017_0003.wav,voice_phishing,156056,4.875375,16000,1,-19.6885480061606,0.0,0.6994974745532395,7.691716021844474e-05,0.30785206076533556,405.9636122935825,0.20727922426826487,0.000369297038059095,0.001859068970433152,4.875375,0.0,voice_phishing,False,True,PHISH_017_0003,1
C:\Users\SZ\Documents\his_voice\stt_finetuning_cleaned_v3\voice_phishing\PHISH_018_0001.wav,PHISH_018_0001.wav,voice_phishing,653216,20.411625,16000,1,-22.228734267963862,-3.098645100425797,0.2664933585640536,0.0,0.08937642573908783,792.3034453573413,0.046480728628158906,1.7122384234457748e-05,0.01742008200894023,20.411625,0.0,voice_phishing,False,True,PHISH_018_0001,1
C:\Users\SZ\Documents\his_voice\stt_finetuning_cleaned_v3\voice_phishing\PHISH_018_0002.wav,PHISH_018_0002.wav,voice_phishing,649348,20.29075,16000,1,-19.68337177005919,-0.9817313339750706,0.2160590416815544,0.0,0.10981946767451818,616.8479243662715,0.15591105149848736,0.00012601471709915298,0.014235614779125402,20.29075,0.0,voice_phishing,False,True,PHISH_018_0002,1
C:\Users\SZ\Documents\his_voice\stt_finetuning_cleaned_v3\voice_phishing\PHISH_019_0001.wav,PHISH_019_0001.wav,voice_phishing,492846,15.4000625,16000,1,-19.684138679471687,0.0,0.3652257904797464,2.0292125437802606e-05,0.17916396103896104,416.0507229131322,0.12637555501197786,9.669723695171885e-05,0.00128428050981219,15.4000625,0.0,voice_phishing,False,True,PHISH_019_0001,1
C:\Users\SZ\Documents\his_voice\stt_finetuning_cleaned_v3\voice_phishing\PHISH_020_0001.wav,PHISH_020_0001.wav,voice_phishing,660760,20.647375,16000,1,-14.65917319801909,0.0,0.22349390661040447,0.004367988666840216,0.07041473315231704,431.8164593196818,0.0978254298014008,3.383353895415296e-05,0.0010021904499701996,20.647375,0.0,voice_phishing,False,True,PHISH_020_0001,1
C:\Users\SZ\Documents\his_voice\stt_finetuning_cleaned_v3\voice_phishing\PHISH_021_0001.wav,PHISH_021_0001.wav,voice_phishing,817586,25.5481875,16000,1,-22.65206631860515,0.0,0.3338568538374787,5.6266222408145394e-05,0.10090760085133449,749.9969533472739,0.10873622921925677,0.00012358175840819697,0.0003487019191167576,25.5481875,0.0,voice_phishing,False,True,PHISH_021_0001,1
C:\Users\SZ\Documents\his_voice\stt_finetuning_cleaned_v3\voice_phishing\PHISH_021_0002.wav,PHISH_021_0002.wav,voice_phishing,173950,5.4345625,16000,1,-17.168188057041185,0.0,0.2577484388117719,0.0011270456453486366,0.08631198822338762,845.7573220852731,0.095337977992104,6.146533315092264e-05,0.07879741114687037,5.4345625,0.0,voice_phishing,False,True,PHISH_021_0002,1
C:\Users\SZ\Documents\his_voice\stt_finetuning_cleaned_v3\voice_phishing\PHISH_022_0001.wav,PHISH_022_0001.wav,voice_phishing,878308,27.44575,16000,1,-17.44572470445794,0.0,0.23638450397602542,0.0011203920461273604,0.08996631984533089,693.4480620591117,0.10701732443358523,0.0002686034677308215,0.0038394609543941265,27.44575,0.0,voice_phishing,False,True,PHISH_022_0001,1
C:\Users\SZ\Documents\his_voice\stt_finetuning_cleaned_v3\voice_phishing\PHISH_022_0002.wav,PHISH_022_0002.wav,voice_phishing,112162,3.5036875,16000,1,-17.179046607689376,-2.678033575372381,0.19459854795840098,0.0,0.10034250240822006,616.0457977498302,0.04330668471899193,3.153676207086419e-06,0.00357720529235616,3.5036875,0.0,voice_phishing,False,True,PHISH_022_0002,1
C:\Users\SZ\Documents\his_voice\stt_finetuning_cleaned_v3\voice_phishing\PHISH_023_0001.wav,PHISH_023_0001.wav,voice_phishing,717594,22.4234375,16000,1,-17.179044736935303,-2.876929304599298,0.17541913455508326,0.0,0.1170820628027672,774.8111477865178,0.14438035485620201,0.0015574880508120073,0.00049860822726342,22.4234375,0.0,voice_phishing,False,True,PHISH_023_0001,1
C:\Users\SZ\Documents\his_voice\stt_finetuning_cleaned_v3\voice_phishing\PHISH_024_0001.wav,PHISH_024_0001.wav,voice_phishing,722108,22.5645,16000,1,-19.112212256739348,-3.644084719955103,0.17473797336524186,0.0,0.1226376682334758,811.6083170828115,0.14830145330213113,0.00028698326804049067,0.000512234298434972,22.5645,0.0,voice_phishing,False,True,PHISH_024_0001,1
C:\Users\SZ\Documents\his_voice\stt_finetuning_cleaned_v3\voice_phishing\PHISH_025_0001.wav,PHISH_025_0001.wav,voice_phishing,739366,23.1038125,16000,1,-16.030625250115556,0.0,0.24486488972328702,0.006719670184303997,0.08476978845425526,464.6915958604959,0.091662013977175,4.119473828435716e-05,0.0015779318396284402,23.1038125,0.0,voice_phishing,False,True,PHISH_025_0001,1
C:\Users\SZ\Documents\his_voice\stt_finetuning_cleaned_v3\voice_phishing\PHISH_025_0002.wav,PHISH_025_0002.wav,voice_phishing,712828,22.2745,16000,1,-25.261478812810378,-0.13598068873265426,0.3731396888819053,0.0,0.08903423487125096,488.0838699543418,0.1344674075729086,0.00023005161194125344,0.0031481377887794767,22.2745,0.0,voice_phishing,False,True,PHISH_025_0002,1
C:\Users\SZ\Documents\his_voice\stt_finetuning_cleaned_v3\voice_phishing\PHISH_025_0003.wav,PHISH_025_0003.wav,voice_phishing,268854,8.4003125,16000,1,-25.48583991071149,-3.085778795293837,0.3830661061716454,0.0,0.09624713550191959,584.5946072222662,0.09303337332639842,0.0001342077074468669,0.012726719759036588,8.4003125,0.0,voice_phishing,False,True,PHISH_025_0003,1
C:\Users\SZ\Documents\his_voice\stt_finetuning_cleaned_v3\voice_phishing\PHISH_026_0001.wav,PHISH_026_0001.wav,voice_phishing,903520,28.233625,16000,1,-25.261478812810378,-4.48295398399737,0.4347697116470166,0.0,0.09942732164954388,475.8109981612895,0.15501121030307477,0.000272142922418097,0.000541319552305425,28.233625,0.0,voice_phishing,False,True,PHISH_026_0001,1
C:\Users\SZ\Documents\his_voice\stt_finetuning_cleaned_v3\voice_phishing\PHISH_026_0002.wav,PHISH_026_0002.wav,voice_phishing,241846,7.5563125,16000,1,-25.485838693695207,-4.998491994812882,0.4236441385927329,0.0,0.0831100082712986,470.60447354127416,0.07985095628475504,6.716477928091337e-05,0.00208359907579086,7.5563125,0.0,voice_phishing,False,True,PHISH_026_0002,1
C:\Users\SZ\Documents\his_voice\stt_finetuning_cleaned_v3\voice_phishing\PHISH_027_0001.wav,PHISH_027_0001.wav,voice_phishing,875212,27.349,16000,1,-25.485830174585992,-5.456679547809053,0.35854830158323886,0.0,0.12311035849198895,887.1322930387331,0.1162318538317701,0.00026479116873553526,0.00036164032599738386,27.349,0.0,voice_phishing,False,True,PHISH_027_0001,1
C:\Users\SZ\Documents\his_voice\stt_finetuning_cleaned_v3\voice_phishing\PHISH_027_0002.wav,PHISH_027_0002.wav,voice_phishing,498870,15.5883125,16000,1,-17.290242081461294,0.0,0.32440971400849195,0.005392661970306279,0.18570878706718202,940.0116569292418,0.3553848594106231,0.003531811565006955,0.0006032648469168036,15.5883125,0.0,voice_phishing,False,True,PHISH_027_0002,1
C:\Users\SZ\Documents\his_voice\stt_finetuning_cleaned_v3\voice_phishing\PHISH_028_0001.wav,PHISH_028_0001.wav,voice_phishing,728966,22.7788125,16000,1,-16.35286534977804,0.0,0.17284153860083795,0.0012292124534586692,0.12007078966141689,469.83383935368744,0.1850034084357111,0.00022969985555148755,0.0010029190287693024,22.7788125,0.0,voice_phishing,False,True,PHISH_028_0001,1
C:\Users\SZ\Documents\his_voice\stt_finetuning_cleaned_v3\voice_phishing\PHISH_029_0001.wav,PHISH_029_0001.wav,voice_phishing,939342,29.3530625,16000,1,-14.99008313362519,0.0,0.2142685281987186,0.006204633673232563,0.16855815419207576,866.7729170132445,0.25976693299681813,0.0009125366644115238,0.00039072383183950905,29.3530625,0.0,voice_phishing,False,True,PHISH_029_0001,1
C:\Users\SZ\Documents\his_voice\stt_finetuning_cleaned_v3\voice_phishing\PHISH_029_0002.wav,PHISH_029_0002.wav,voice_phishing,939400,29.354875,16000,1,-22.378831916254455,-2.611540809335941,0.3035696796528686,0.0,0.12315271984789547,905.6321202787614,0.13833310144808447,0.00045650774309338477,0.0018363026331499935,29.354875,0.0,voice_phishing,False,True,PHISH_029_0002,1
C:\Users\SZ\Documents\his_voice\stt_finetuning_cleaned_v3\voice_phishing\PHISH_029_0003.wav,PHISH_029_0003.wav,voice_phishing,108150,3.3783125,16000,1,-20.720639140993413,0.0,0.3241818215455201,3.7000721514069524e-05,0.1280248649448679,798.927638508288,0.14325040726838636,0.0001731025275523663,0.0034418350531997986,3.3783125,0.0,voice_phishing,False,True,PHISH_029_0003,1
C:\Users\SZ\Documents\his_voice\stt_finetuning_cleaned_v3\voice_phishing\PHISH_030_0001.wav,PHISH_030_0001.wav,voice_phishing,882102,27.5643125,16000,1,-22.515743672327492,0.0,0.29252724877502384,0.00030836974439322584,0.08310129969072258,484.72513816011485,0.14954281433231148,0.0011677044077472195,0.0005637591788803702,27.5643125,0.0,voice_phishing,False,True,PHISH_030_0001,1
C:\Users\SZ\Documents\his_voice\stt_finetuning_cleaned_v3\voice_phishing\PHISH_030_0002.wav,PHISH_030_0002.wav,voice_phishing,654038,20.4373125,16000,1,-20.89179005740464,0.0,0.34203371896378254,0.0008318119126475166,0.0787746639102619,762.6241485743308,0.33210309908794344,0.007477967664074686,0.0010860611294148193,20.4373125,0.0,voice_phishing,False,True,PHISH_030_0002,1
C:\Users\SZ\Documents\his_voice\stt_finetuning_cleaned_v3\voice_phishing\PHISH_030_0003.wav,PHISH_030_0003.wav,voice_phishing,852598,26.6423125,16000,1,-25.60721425977921,0.0,0.4858366742751779,7.741445116672961e-05,0.07615723146506019,431.21152472938184,0.18096619140310247,0.0006007463637862359,0.0007519545182067919,26.6423125,0.0,voice_phishing,False,True,PHISH_030_0003,1
C:\Users\SZ\Documents\his_voice\stt_finetuning_cleaned_v3\voice_phishing\PHISH_030_0004.wav,PHISH_030_0004.wav,voice_phishing,857378,26.7916875,16000,1,-17.590862261328613,0.0,0.25141660076469613,0.000669517364294429,0.08149235068794819,400.08337184110246,0.13821783260625606,0.00018013215433190238,0.0005354943260925609,26.7916875,0.0,voice_phishing,False,True,PHISH_030_0004,1
C:\Users\SZ\Documents\his_voice\stt_finetuning_cleaned_v3\voice_phishing\PHISH_031_0001.wav,PHISH_031_0001.wav,voice_phishing,862346,26.9469375,16000,1,-20.718654428331075,-5.2277096409076,0.24590224770440056,0.0,0.11559550040589123,644.0029402122144,0.11477713760083341,0.000131621203372568,0.0003209070957564784,26.9469375,0.0,voice_phishing,False,True,PHISH_031_0001,1
C:\Users\SZ\Documents\his_voice\stt_finetuning_cleaned_v3\voice_phishing\PHISH_031_0002.wav,PHISH_031_0002.wav,voice_phishing,906722,28.3336875,16000,1,-25.57286082990332,-10.723495747373894,0.3285311874778036,0.0,0.10499009569019142,616.1213375626494,0.10508368973593604,8.130930354632221e-05,0.0006016812152510678,28.3336875,0.0,voice_phishing,False,True,PHISH_031_0002,1
C:\Users\SZ\Documents\his_voice\stt_finetuning_cleaned_v3\voice_phishing\PHISH_031_0003.wav,PHISH_031_0003.wav,voice_phishing,660372,20.63525,16000,1,-17.506654799027302,-0.28671751267169404,0.19942816297355254,0.0,0.11103606400474916,659.3290857048601,0.10428702842858827,8.386950304708089e-05,0.0004213826531708101,20.63525,0.0,voice_phishing,False,True,PHISH_031_0003,1
C:\Users\SZ\Documents\his_voice\stt_finetuning_cleaned_v3\voice_phishing\PHISH_031_0004.wav,PHISH_031_0004.wav,voice_phishing,822946,25.7156875,16000,1,-19.901628680975435,-3.2715271667763552,0.22153063183708388,0.0,0.10584761210353627,649.1422975989021,0.035657240784666734,1.1605281318787745e-05,0.00038598022033118154,25.7156875,0.0,voice_phishing,False,True,PHISH_031_0004,1
C:\Users\SZ\Documents\his_voice\stt_finetuning_cleaned_v3\voice_phishing\PHISH_031_0005.wav,PHISH_031_0005.wav,voice_phishing,679002,21.2174375,16000,1,-20.328040922259238,-2.376295359520492,0.360711560950751,0.0,0.09395306912377238,624.1935574685476,0.11491021521832721,0.00017676686463358524,0.000710059900234419,21.2174375,0.0,voice_phishing,False,True,PHISH_031_0005,1
C:\Users\SZ\Documents\his_voice\stt_finetuning_cleaned_v3\voice_phishing\PHISH_031_0006.wav,PHISH_031_0006.wav,voice_phishing,171240,5.349875,16000,1,-20.133476769955124,0.0,0.5002920628986659,0.0002920628986658567,0.09176723483299648,720.7138259349014,0.1263657117965013,0.0001456644934826132,0.0013586898686576093,5.349875,0.0,voice_phishing,False,True,PHISH_031_0006,1
C:\Users\SZ\Documents\his_voice\stt_finetuning_cleaned_v3\voice_phishing\PHISH_032_0001.wav,PHISH_032_0001.wav,voice_phishing,724470,22.6383125,16000,1,-25.572871278709,-1.578113165939006,0.27872826209992463,0.0,0.06613254116373836,411.19761209198634,0.0855628045933004,4.507571883850299e-05,0.009163699830123443,22.6383125,0.0,voice_phishing,False,True,PHISH_032_0001,1
C:\Users\SZ\Documents\his_voice\stt_finetuning_cleaned_v3\voice_phishing\PHISH_032_0002.wav,PHISH_032_0002.wav,voice_phishing,677356,21.166,16000,1,-17.51205221824976,0.0,0.132252196919588,0.0001505952943399792,0.07443563508585434,418.92908110907314,0.08190054907986043,3.428411790591549e-05,0.000722515924282652,21.166,0.0,voice_phishing,False,True,PHISH_032_0002,1
C:\Users\SZ\Documents\his_voice\stt_finetuning_cleaned_v3\voice_phishing\PHISH_033_0001.wav,PHISH_033_0001.wav,voice_phishing,648134,20.2528125,16000,1,-17.506658684351372,-3.3702094452145466,0.1756299279421068,0.0,0.08426016220019504,525.5816123323536,0.08224622069649182,7.49674012798206e-05,0.0008983908364680095,20.2528125,0.0,voice_phishing,False,True,PHISH_033_0001,1
C:\Users\SZ\Documents\his_voice\stt_finetuning_cleaned_v3\voice_phishing\PHISH_033_0002.wav,PHISH_033_0002.wav,voice_phishing,826518,25.8273125,16000,1,-19.901636999176585,-6.507409620364063,0.21720465495587277,0.0,0.08396896688575052,560.6999896381823,0.0211161611122054,5.957416097651884e-07,0.0018637144463015875,25.8273125,0.0,voice_phishing,False,True,PHISH_033_0002,1
C:\Users\SZ\Documents\his_voice\stt_finetuning_cleaned_v3\voice_phishing\PHISH_033_0003.wav,PHISH_033_0003.wav,voice_phishing,552080,17.251125,16000,1,-20.32804629872137,-5.356897416178951,0.3736386757385388,0.0,0.10247919512203958,584.6326218291972,0.09522809545650672,9.043381330407409e-05,0.0012977191488507038,17.251125,0.0,voice_phishing,False,True,PHISH_033_0003,1
C:\Users\SZ\Documents\his_voice\stt_finetuning_cleaned_v3\voice_phishing\PHISH_034_0001.wav,PHISH_034_0001.wav,voice_phishing,829856,25.931625,16000,1,-19.901636359314676,-1.6772207886344508,0.2563520411852323,0.0,0.07279738735373158,415.44123305786877,0.05480426988090851,3.5993641682023624e-05,0.005676844948258495,25.931625,0.0,voice_phishing,False,True,PHISH_034_0001,1
C:\Users\SZ\Documents\his_voice\stt_finetuning_cleaned_v3\voice_phishing\PHISH_034_0002.wav,PHISH_034_0002.wav,voice_phishing,776828,24.2745,16000,1,-20.32851944042207,0.0,0.2608575871799625,2.8321901583966713e-05,0.08193547224317763,418.16517906429925,0.1452774793208903,0.00034540429626385405,0.0008010206699981778,24.2745,0.0,voice_phishing,False,True,PHISH_034_0002,1
C:\Users\SZ\Documents\his_voice\stt_finetuning_cleaned_v3\voice_phishing\PHISH_034_0003.wav,PHISH_034_0003.wav,voice_phishing,685142,21.4093125,16000,1,-20.118570476347173,-0.00026507636037961915,0.25524523498827906,4.962793644120987e-05,0.07857292992514918,618.0545574409704,0.2226093521280023,0.0024829223306863323,0.0014299413490314692,21.4093125,0.0,voice_phishing,False,True,PHISH_034_0003,1
C:\Users\SZ\Documents\his_voice\stt_finetuning_cleaned_v3\voice_phishing\PHISH_035_0001.wav,PHISH_035_0001.wav,voice_phishing,744196,23.25475,16000,1,-20.328042266374457,-4.472744949851978,0.3570990872832432,0.0,0.07938184505812,533.7168889482422,0.16373651383919668,0.0005149182452434258,0.0015895425854195206,23.25475,0.0,voice_phishing,False,True,PHISH_035_0001,1
C:\Users\SZ\Documents\his_voice\stt_finetuning_cleaned_v3\voice_phishing\PHISH_035_0002.wav,PHISH_035_0002.wav,voice_phishing,941304,29.414375,16000,1,-20.11582536616537,-0.45993745215857795,0.4798610373329367,0.0,0.08795250611415786,615.3839621788273,0.10646993329659829,6.859201328333569e-05,0.03753396594007839,29.414375,0.0,voice_phishing,False,True,PHISH_035_0002,1
C:\Users\SZ\Documents\his_voice\stt_finetuning_cleaned_v3\voice_phishing\PHISH_035_0003.wav,PHISH_035_0003.wav,voice_phishing,871170,27.2226875,16000,1,-24.62896861958128,-8.76600280485498,0.33529248352132757,0.0,0.07805777363498193,470.5498550123743,0.04721853065996336,2.2911718388823734e-05,0.009173466060486303,27.2226875,0.0,voice_phishing,False,True,PHISH_035_0003,1
C:\Users\SZ\Documents\his_voice\stt_finetuning_cleaned_v3\voice_phishing\PHISH_035_0004.wav,PHISH_035_0004.wav,voice_phishing,686732,21.459,16000,1,-16.95706433925261,-2.027255662643705,0.2524902138962673,0.0,0.08172585432060651,467.17097000254046,0.12291854975149742,0.0001546431363036451,0.0007705294190160261,21.459,0.0,voice_phishing,False,True,PHISH_035_0004,1
C:\Users\SZ\Documents\his_voice\stt_finetuning_cleaned_v3\voice_phishing\PHISH_036_0001.wav,PHISH_036_0001.wav,voice_phishing,871364,27.22875,16000,1,-20.116442530392224,0.0,0.43971216085938575,2.2953679474819815e-05,0.09670636897206301,802.891864938001,0.10489276358013393,0.0001357196371557484,0.0005774790111879847,27.22875,0.0,voice_phishing,False,True,PHISH_036_0001,1
C:\Users\SZ\Documents\his_voice\stt_finetuning_cleaned_v3\voice_phishing\PHISH_036_0002.wav,PHISH_036_0002.wav,voice_phishing,738534,23.0778125,16000,1,-24.628971376303028,-4.89402489461938,0.48977508158539723,0.0,0.09756421228239322,750.2333370961895,0.043264804291489024,9.406760607426921e-05,0.0005776096393636742,23.0778125,0.0,voice_phishing,False,True,PHISH_036_0002,1
C:\Users\SZ\Documents\his_voice\stt_finetuning_cleaned_v3\voice_phishing\PHISH_036_0003.wav,PHISH_036_0003.wav,voice_phishing,682980,21.34175,16000,1,-17.02301567678828,0.0,0.49198753616737145,0.0014232666018484895,0.09406765514676381,734.7866675930073,0.12540954900566748,0.00016106991827935358,0.0017113138160130203,21.34175,0.0,voice_phishing,False,True,PHISH_036_0003,1
C:\Users\SZ\Documents\his_voice\stt_finetuning_cleaned_v3\voice_phishing\PHISH_036_0004.wav,PHISH_036_0004.wav,voice_phishing,823834,25.7434375,16000,1,-24.373368459666878,-3.408193018803229,0.6921108534942157,0.0,0.08397791664845809,724.7364598469828,0.09868480746517146,9.510675794565789e-05,0.0007958512648521959,25.7434375,0.0,voice_phishing,False,True,PHISH_036_0004,1
C:\Users\SZ\Documents\his_voice\stt_finetuning_cleaned_v3\voice_phishing\PHISH_037_0001.wav,PHISH_037_0001.wav,voice_phishing,883078,27.5948125,16000,1,-24.62897192764748,-8.103940352126298,0.3823861821855104,0.0,0.0740630011143424,564.627101603588,0.07534003352728799,0.0007345991029251069,0.0005606432238009149,27.5948125,0.0,voice_phishing,False,True,PHISH_037_0001,1
C:\Users\SZ\Documents\his_voice\stt_finetuning_cleaned_v3\voice_phishing\PHISH_037_0002.wav,PHISH_037_0002.wav,voice_phishing,645830,20.1808125,16000,1,-16.957068898128348,-1.1947470683996162,0.2760666846292735,0.0,0.0777535522713477,622.7610103721121,0.23567450069133797,0.0035146596067724004,0.0007118604791252134,20.1808125,0.0,voice_phishing,False,True,PHISH_037_0002,1
C:\Users\SZ\Documents\his_voice\stt_finetuning_cleaned_v3\voice_phishing\PHISH_037_0003.wav,PHISH_037_0003.wav,voice_phishing,715476,22.35725,16000,1,-24.373370601092013,-7.890284847971737,0.37449261425264735,0.0,0.08375103084858057,589.1519228270155,0.13118847829724822,0.0001714242450780796,0.0009575479237452135,22.35725,0.0,voice_phishing,False,True,PHISH_037_0003,1
C:\Users\SZ\Documents\his_voice\stt_finetuning_cleaned_v3\voice_phishing\PHISH_037_0004.wav,PHISH_037_0004.wav,voice_phishing,691224,21.599375,16000,1,-14.56390126770977,0.0,0.21997453630024016,0.0020949680256951877,0.14767831152033195,706.6781862527037,0.28543409779010764,0.006172458735686479,0.0007664984199658578,21.599375,0.0,voice_phishing,False,True,PHISH_037_0004,1
C:\Users\SZ\Documents\his_voice\stt_finetuning_cleaned_v3\voice_phishing\PHISH_037_0005.wav,PHISH_037_0005.wav,voice_phishing,721890,22.5576875,16000,1,-24.867079803789395,-8.434963003083388,0.3810175577616278,0.0,0.08703542593690604,746.8667106734224,0.14027616376773813,0.0014034195459830178,0.0016597213257435702,22.5576875,0.0,voice_phishing,False,True,PHISH_037_0005,1
C:\Users\SZ\Documents\his_voice\stt_finetuning_cleaned_v3\voice_phishing\PHISH_038_0001.wav,PHISH_038_0001.wav,voice_phishing,817072,25.532125,16000,1,-16.972758302019024,0.0,0.19752321829851607,0.0002178627905041198,0.08577450411614808,479.8635628654082,0.17396543947963217,0.0007977087011539173,0.0009331863352802297,25.532125,0.0,voice_phishing,False,True,PHISH_038_0001,1
C:\Users\SZ\Documents\his_voice\stt_finetuning_cleaned_v3\voice_phishing\PHISH_038_0002.wav,PHISH_038_0002.wav,voice_phishing,614728,19.208875,16000,1,-24.373367388954506,-3.5155982143052498,0.3837060993941602,0.0,0.09718521121490462,483.56388713903965,0.10861785573088782,0.0002356787463409477,0.0015883678784283607,19.208875,0.0,voice_phishing,False,True,PHISH_038_0002,1
C:\Users\SZ\Documents\his_voice\stt_finetuning_cleaned_v3\voice_phishing\PHISH_039_0001.wav,PHISH_039_0001.wav,voice_phishing,826966,25.8413125,16000,1,-24.373365782886204,-2.3878028529457,0.4063817385436595,0.0,0.12851545494122768,886.9958928227362,0.1432810102715812,0.00028774896129602796,0.0006976631238362717,25.8413125,0.0,voice_phishing,False,True,PHISH_039_0001,1
C:\Users\SZ\Documents\his_voice\stt_finetuning_cleaned_v3\voice_phishing\PHISH_039_0002.wav,PHISH_039_0002.wav,voice_phishing,852588,26.642,16000,1,-14.567196748771671,0.0,0.14211817806470986,0.0017993206215749567,0.16906850336992196,905.160222842959,0.18995087027012755,0.0002651402240125082,0.0005752916026982273,26.642,0.0,voice_phishing,False,True,PHISH_039_0002,1
C:\Users\SZ\Documents\his_voice\stt_finetuning_cleaned_v3\voice_phishing\PHISH_039_0003.wav,PHISH_039_0003.wav,voice_phishing,870200,27.192375,16000,1,-24.867079237121764,-6.5529459248259725,0.294567870588722,0.0,0.14494215966369173,906.2866835604386,0.05274297809730471,5.6033118663767794e-05,0.0005369613182070186,27.192375,0.0,voice_phishing,False,True,PHISH_039_0003,1
C:\Users\SZ\Documents\his_voice\stt_finetuning_cleaned_v3\voice_phishing\PHISH_039_0004.wav,PHISH_039_0004.wav,voice_phishing,805712,25.177125,16000,1,-20.238923131137604,0.0,0.3483767507211407,4.716583009378553e-05,0.14194467682637718,935.5522366620532,0.10837686205831075,0.0005258403633003923,0.0007595812921813947,25.177125,0.0,voice_phishing,False,True,PHISH_039_0004,1
C:\Users\SZ\Documents\his_voice\stt_finetuning_cleaned_v3\voice_phishing\PHISH_039_0005.wav,PHISH_039_0005.wav,voice_phishing,216250,6.7564375,16000,1,-19.318937151055895,0.0,0.6107508579780394,0.0005827775362385873,0.28380603504097984,1075.5508909447194,0.17392916405055092,0.00024113320362719904,0.002756094952064398,6.7564375,0.0,voice_phishing,False,True,PHISH_039_0005,1
C:\Users\SZ\Documents\his_voice\stt_finetuning_cleaned_v3\voice_phishing\PHISH_040_0001.wav,PHISH_040_0001.wav,voice_phishing,811724,25.365,16000,1,-14.88924167540498,0.0,0.2342548787699586,0.004713680268085945,0.15594114907635787,671.5817496235076,0.2437488789810944,0.0010758537226528513,0.0009338943287797282,25.365,0.0,voice_phishing,False,True,PHISH_040_0001,1
C:\Users\SZ\Documents\his_voice\stt_finetuning_cleaned_v3\voice_phishing\PHISH_040_0002.wav,PHISH_040_0002.wav,voice_phishing,643984,20.123125,16000,1,-24.867070170444727,-2.247274934410961,0.4211324036400907,0.0,0.10911920091685845,721.688499594099,0.14335789826355225,0.001829816277257607,0.0009394518140219948,20.123125,0.0,voice_phishing,False,True,PHISH_040_0002,1
C:\Users\SZ\Documents\his_voice\stt_finetuning_cleaned_v3\voice_phishing\PHISH_040_0003.wav,PHISH_040_0003.wav,voice_phishing,865434,27.0434375,16000,1,-20.239187883760575,0.0,0.3337431678202891,4.1599741157166136e-05,0.11141360869344155,724.919849817052,0.18223150566267557,0.00205838740324356,0.0009174432925288406,27.0434375,0.0,voice_phishing,False,True,PHISH_040_0003,1
C:\Users\SZ\Documents\his_voice\stt_finetuning_cleaned_v3\voice_phishing\PHISH_040_0004.wav,PHISH_040_0004.wav,voice_phishing,766620,23.9555,16000,1,-19.277109038733823,0.0,0.32302080941746153,3.913506292918119e-05,0.16644968391831708,703.4593672220118,0.1757813054921564,0.000246688648750117,0.0008081492888334932,23.9555,0.0,voice_phishing,False,True,PHISH_040_0004,1
C:\Users\SZ\Documents\his_voice\stt_finetuning_cleaned_v3\voice_phishing\PHISH_040_0005.wav,PHISH_040_0005.wav,voice_phishing,386006,12.0613125,16000,1,-17.917001020250233,0.0,0.38177851705608323,0.0008135515931620212,0.1864130998030884,717.7299200866838,0.2309159386482465,0.0012107728969904504,0.001265949474100841,12.0613125,0.0,voice_phishing,False,True,PHISH_040_0005,1
C:\Users\SZ\Documents\his_voice\stt_finetuning_cleaned_v3\voice_phishing\PHISH_041_0001.wav,PHISH_041_0001.wav,voice_phishing,740044,23.125,16000,1,-24.867075837116765,-4.176638610397461,0.5495918918918918,0.0,0.060389352403655144,504.4530187804002,0.09078074118342065,0.000302872110869712,0.001905117042106002,23.125,0.0,voice_phishing,False,True,PHISH_041_0001,1
C:\Users\SZ\Documents\his_voice\stt_finetuning_cleaned_v3\voice_phishing\PHISH_041_0002.wav,PHISH_041_0002.wav,voice_phishing,693920,21.683625,16000,1,-20.23635983840029,-1.9204585468832283,0.40501472885645273,0.0,0.05910583189455146,496.32852909843876,0.10077245256537097,0.0003576176089747696,0.0011149779134511982,21.683625,0.0,voice_phishing,False,True,PHISH_041_0002,1
C:\Users\SZ\Documents\his_voice\stt_finetuning_cleaned_v3\voice_phishing\PHISH_041_0003.wav,PHISH_041_0003.wav,voice_phishing,327058,10.2191875,16000,1,-19.305906013302728,0.0,0.42036120777703706,0.00023240595203875063,0.17793230829449683,517.2072893172844,0.16111197828184576,0.00019046061746433405,0.00361694666515893,10.2191875,0.0,voice_phishing,False,True,PHISH_041_0003,1
C:\Users\SZ\Documents\his_voice\stt_finetuning_cleaned_v3\voice_phishing\PHISH_042_0001.wav,PHISH_042_0001.wav,voice_phishing,649652,20.30025,16000,1,-20.55666760500278,0.0,0.36467531188039554,0.001582492826443024,0.1495952931469229,1135.0664598094475,0.22502954864884397,0.002875744756351755,0.002340816389211484,20.30025,0.0,voice_phishing,False,True,PHISH_042_0001,1
C:\Users\SZ\Documents\his_voice\stt_finetuning_cleaned_v3\voice_phishing\PHISH_042_0002.wav,PHISH_042_0002.wav,voice_phishing,135124,4.22125,16000,1,-19.274411383189975,-0.9216907238656804,0.49712762807225347,0.0,0.25212099675742905,623.4294696044715,0.20094878520425036,0.00083643757954602,0.004840481361791894,4.22125,0.0,voice_phishing,False,True,PHISH_042_0002,1
C:\Users\SZ\Documents\his_voice\stt_finetuning_cleaned_v3\voice_phishing\PHISH_043_0001.wav,PHISH_043_0001.wav,voice_phishing,938234,29.3184375,16000,1,-19.273562548152555,-0.5993970047178526,0.22272460802182928,0.0,0.23726587848064568,1659.3965116018555,0.2727359002747557,0.0019840815707597137,0.0002359696857968378,29.3184375,0.0,voice_phishing,False,True,PHISH_043_0001,1
C:\Users\SZ\Documents\his_voice\stt_finetuning_cleaned_v3\voice_phishing\PHISH_043_0002.wav,PHISH_043_0002.wav,voice_phishing,828198,25.8798125,16000,1,-17.804092481812553,0.0,0.25432709375309426,5.5545224680433835e-05,0.2324114413779113,1125.0555270352452,0.2751864103003595,0.0013413232726904576,0.004479116798162106,25.8798125,0.0,voice_phishing,False,True,PHISH_043_0002,1
C:\Users\SZ\Documents\his_voice\stt_finetuning_cleaned_v3\voice_phishing\PHISH_043_0003.wav,PHISH_043_0003.wav,voice_phishing,956034,29.8746875,16000,1,-14.770433629784332,0.0,0.14460820719882006,0.0006108850510988609,0.1997933028448056,1466.5013920274444,0.2990827378620783,0.004152813699368762,0.0002067709888511549,29.8746875,0.0,voice_phishing,False,True,PHISH_043_0003,1
C:\Users\SZ\Documents\his_voice\stt_finetuning_cleaned_v3\voice_phishing\PHISH_043_0004.wav,PHISH_043_0004.wav,voice_phishing,405440,12.668625,16000,1,-25.29765476441378,-3.3588857096763074,0.6570267096863314,0.0,0.14902045910891626,1923.361911489835,0.23010946475589744,0.0006013664770327785,0.0008100014586530095,12.668625,0.0,voice_phishing,False,True,PHISH_043_0004,1
C:\Users\SZ\Documents\his_voice\stt_finetuning_cleaned_v3\voice_phishing\PHISH_044_0001.wav,PHISH_044_0001.wav,voice_phishing,788316,24.6335,16000,1,-17.91557039782333,0.0,0.32044268983295104,0.0012280025168977205,0.14369188222309615,639.6238869832897,0.3212475820031281,0.008405688261280835,0.001013582653954633,24.6335,0.0,voice_phishing,False,True,PHISH_044_0001,1
C:\Users\SZ\Documents\his_voice\stt_finetuning_cleaned_v3\voice_phishing\PHISH_045_0001.wav,PHISH_045_0001.wav,voice_phishing,811924,25.37125,16000,1,-14.905015224221456,0.0,0.26135143124599697,0.0018500270976006307,0.07898723699866236,516.0892383770018,0.1519414874076458,0.00030531264323810766,0.0017098978455403911,25.37125,0.0,voice_phishing,False,True,PHISH_045_0001,1
C:\Users\SZ\Documents\his_voice\stt_finetuning_cleaned_v3\voice_phishing\PHISH_045_0002.wav,PHISH_045_0002.wav,voice_phishing,387626,12.1119375,16000,1,-25.297676796693743,-5.271369608143806,0.44809614481580673,0.0,0.08915320707982868,553.4674241277324,0.06321664463087007,0.0008023590615802002,0.0007849299385721939,12.1119375,0.0,voice_phishing,False,True,PHISH_045_0002,1
C:\Users\SZ\Documents\his_voice\stt_finetuning_cleaned_v3\voice_phishing\PHISH_046_0001.wav,PHISH_046_0001.wav,voice_phishing,678048,21.187625,16000,1,-25.297675010290583,-12.316965516271914,0.43130129025787456,0.0,0.04840988669649942,261.6085837325086,0.030673006009901412,4.724140460977295e-06,0.0013912407586942506,21.187625,0.0,voice_phishing,False,True,PHISH_046_0001,1
C:\Users\SZ\Documents\his_voice\stt_finetuning_cleaned_v3\voice_phishing\PHISH_046_0002.wav,PHISH_046_0002.wav,voice_phishing,762772,23.83525,16000,1,-25.233953119031668,-14.497666196272828,0.33549312467878456,0.0,0.12840522022325188,299.6307649093943,0.1267784455796521,0.00011224872167123491,0.0023985380256445923,23.83525,0.0,voice_phishing,False,True,PHISH_046_0002,1
C:\Users\SZ\Documents\his_voice\stt_finetuning_cleaned_v3\voice_phishing\PHISH_046_0003.wav,PHISH_046_0003.wav,voice_phishing,117760,3.678625,16000,1,-25.78316819326225,-10.708931267519432,0.4160691834584933,0.0,0.034728239631649595,334.8115840014691,0.016188223351222473,1.2461071108141664e-07,0.005477923911731345,3.678625,0.0,voice_phishing,False,True,PHISH_046_0003,1
C:\Users\SZ\Documents\his_voice\stt_finetuning_cleaned_v3\voice_phishing\PHISH_047_0001.wav,PHISH_047_0001.wav,voice_phishing,917842,28.6811875,16000,1,-25.23372613378305,-7.123672077324475,0.3403276102148839,0.0,0.1342041150756813,573.6004022709407,0.16966337647036084,0.00018552735086228253,0.0006605963152314996,28.6811875,0.0,voice_phishing,False,True,PHISH_047_0001,1
C:\Users\SZ\Documents\his_voice\stt_finetuning_cleaned_v3\voice_phishing\PHISH_047_0002.wav,PHISH_047_0002.wav,voice_phishing,911826,28.4931875,16000,1,-25.783162525975257,-6.943174922169032,0.43495704016968967,0.0,0.08726885871591832,689.9267891497415,0.10400638404826053,0.0008427664306020504,0.000634574899357226,28.4931875,0.0,voice_phishing,False,True,PHISH_047_0002,1
C:\Users\SZ\Documents\his_voice\stt_finetuning_cleaned_v3\voice_phishing\PHISH_047_0003.wav,PHISH_047_0003.wav,voice_phishing,763378,23.8541875,16000,1,-18.655302201370766,-0.01645005096755103,0.32546958474272075,0.0,0.09171369731650186,723.5069857139954,0.05959059040797882,0.0003422896161960131,0.0005235712324590664,23.8541875,0.0,voice_phishing,False,True,PHISH_047_0003,1
C:\Users\SZ\Documents\his_voice\stt_finetuning_cleaned_v3\voice_phishing\PHISH_047_0004.wav,PHISH_047_0004.wav,voice_phishing,918414,28.6990625,16000,1,-21.052813329972743,-0.8395512654869466,0.3938107734355434,0.0,0.10187201644656609,694.4273306060587,0.14119314822165516,0.0006527283315826899,0.0006549017403841297,28.6990625,0.0,voice_phishing,False,True,PHISH_047_0004,1
C:\Users\SZ\Documents\his_voice\stt_finetuning_cleaned_v3\voice_phishing\PHISH_047_0005.wav,PHISH_047_0005.wav,voice_phishing,644248,20.131375,16000,1,-22.052558643595827,0.0,0.555221637866266,3.1046066152957757e-06,0.11221945911375625,754.7606582905554,0.16389150705079045,0.0010197453417089223,0.000649226413877162,20.131375,0.0,voice_phishing,False,True,PHISH_047_0005,1
C:\Users\SZ\Documents\his_voice\stt_finetuning_cleaned_v3\voice_phishing\PHISH_048_0001.wav,PHISH_048_0001.wav,voice_phishing,842448,26.325125,16000,1,-25.78316882296103,-5.055706205669248,0.3808956272762238,0.0,0.08496893407185643,822.800142499025,0.07797409764379164,0.0005810331171012982,0.0014741115090705055,26.325125,0.0,voice_phishing,False,True,PHISH_048_0001,1
C:\Users\SZ\Documents\his_voice\stt_finetuning_cleaned_v3\voice_phishing\PHISH_048_0002.wav,PHISH_048_0002.wav,voice_phishing,733060,22.90675,16000,1,-18.704535838522386,0.0,0.10129928951073373,0.00044200945136258965,0.08171194547443841,618.2497126162161,0.13034236071866803,0.0014471427954806508,0.003716419944253344,22.90675,0.0,voice_phishing,False,True,PHISH_048_0002,1
C:\Users\SZ\Documents\his_voice\stt_finetuning_cleaned_v3\voice_phishing\PHISH_048_0003.wav,PHISH_048_0003.wav,voice_phishing,834128,26.065125,16000,1,-21.055545986245292,0.0,0.15260813059595915,3.117192033416299e-05,0.07892749154159903,596.1936561605404,0.1309747600075568,0.0016572582595919707,0.0017961724613450498,26.065125,0.0,voice_phishing,False,True,PHISH_048_0003,1
C:\Users\SZ\Documents\his_voice\stt_finetuning_cleaned_v3\voice_phishing\PHISH_048_0004.wav,PHISH_048_0004.wav,voice_phishing,353456,11.044125,16000,1,-22.052492251601375,-0.9004948464116194,0.14598259255486515,0.0,0.07512520868113523,548.3870886739656,0.15307317678277663,0.0020182943166296473,0.0073632779162506115,11.044125,0.0,voice_phishing,False,True,PHISH_048_0004,1
